Transaction ID,Date,Customer ID,Gender,Age,Product Category,Quantity,Price per Unit,Total Amount
1,2024-03-11,CUST185,Female,39,Sports,5,200,1000
2,2024-08-06,CUST095,Female,37,Beauty,1,20,20
3,2024-07-26,CUST077,Female,42,Sports,2,100,200
4,2024-02-07,CUST115,Male,40,Clothing,5,200,1000
5,2024-01-02,CUST508,Male,46,Electronics,2,30,60
6,2024-11-26,CUST305,Female,36,Food,5,20,100
7,2024-05-02,CUST293,Male,37,Electronics,5,500,2500
8,2024-03-15,CUST187,Female,21,Beauty,1,20,20
9,2024-09-29,CUST301,Male,23,Beauty,3,30,90
10,2024-05-02,CUST144,Female,46,Beauty,1,50,50
11,2024-08-29,CUST338,Male,35,Electronics,2,30,60
12,2024-09-25,CUST031,Male,61,Sports,5,100,500
13,2024-08-24,CUST601,Male,58,Electronics,4,500,2000
14,2024-05-29,CUST369,Female,53,Food,2,30,60
15,2024-02-24,CUST769,Male,32,Clothing,4,200,800
16,2024-05-22,CUST780,Female,30,Sports,3,200,600
17,2024-04-22,CUST721,Female,30,Beauty,4,50,200
18,2024-10-06,CUST096,Female,50,Food,5,10,50
19,2024-02-07,CUST474,Female,22,Sports,4,50,200
20,2024-02-05,CUST249,Male,59,Electronics,3,30,90
21,2024-04-26,CUST441,Female,29,Beauty,3,20,60
22,2024-07-06,CUST770,Male,34,Electronics,4,100,400
23,2024-08-02,CUST565,Female,62,Clothing,5,100,500
24,2024-04-14,CUST361,Female,58,Food,1,30,30
25,2024-10-25,CUST408,Male,35,Clothing,3,500,1500
26,2024-05-09,CUST254,Male,50,Sports,2,50,100
27,2024-07-24,CUST532,Female,57,Clothing,5,500,2500
28,2024-06-22,CUST202,Male,51,Beauty,2,50,100
29,2024-11-02,CUST422,Female,52,Beauty,4,30,120
30,2024-12-14,CUST283,Female,20,Food,3,10,30
31,2024-11-02,CUST565,Female,47,Sports,3,100,300
32,2024-08-18,CUST301,Male,44,Clothing,3,100,300
33,2024-07-10,CUST034,Male,62,Beauty,5,30,150
34,2024-04-29,CUST395,Male,44,Food,3,30,90
35,2024-08-15,CUST459,Female,56,Sports,3,200,600
36,2024-02-22,CUST005,Male,39,Food,2,30,60
37,2024-01-05,CUST730,Female,43,Electronics,1,50,50
38,2024-06-19,CUST449,Female,21,Beauty,3,50,150
39,2024-09-03,CUST234,Female,37,Sports,2,200,400
40,2024-09-21,CUST356,Male,28,Food,2,30,60
41,2024-07-20,CUST295,Female,57,Electronics,5,30,150
42,2024-07-15,CUST624,Female,40,Beauty,1,30,30
43,2024-02-17,CUST518,Female,36,Electronics,3,100,300
44,2024-11-12,CUST134,Male,49,Beauty,3,50,150
45,2024-04-02,CUST511,Male,59,Clothing,2,500,1000
46,2024-11-18,CUST282,Male,49,Beauty,1,50,50
47,2024-12-04,CUST458,Male,47,Electronics,2,50,100
48,2024-12-09,CUST183,Male,55,Clothing,4,200,800
49,2024-08-29,CUST071,Female,51,Food,2,10,20
50,2024-12-04,CUST339,Female,31,Beauty,5,50,250
51,2024-12-08,CUST633,Female,25,Food,1,30,30
52,2024-06-05,CUST526,Male,42,Beauty,1,20,20
53,2024-04-17,CUST587,Female,48,Sports,5,200,1000
54,2024-01-21,CUST104,Female,26,Beauty,3,30,90
55,2024-12-26,CUST437,Female,61,Electronics,5,100,500
56,2024-12-25,CUST737,Female,45,Beauty,4,30,120
57,2024-12-05,CUST314,Female,60,Sports,1,50,50
58,2024-06-03,CUST637,Male,63,Sports,4,50,200
59,2024-02-06,CUST406,Male,18,Electronics,2,500,1000
60,2024-02-23,CUST657,Male,31,Beauty,4,20,80
61,2024-11-06,CUST596,Male,48,Beauty,3,20,60
62,2024-10-01,CUST585,Male,46,Sports,5,200,1000
63,2024-05-07,CUST195,Female,48,Sports,5,100,500
64,2024-08-14,CUST513,Female,30,Beauty,1,20,20
65,2024-02-27,CUST564,Male,20,Beauty,1,20,20
66,2024-01-31,CUST441,Female,39,Food,2,10,20
67,2024-12-26,CUST267,Male,28,Beauty,3,30,90
68,2024-07-19,CUST127,Female,38,Food,3,30,90
69,2024-05-07,CUST136,Female,59,Food,2,20,40
70,2024-09-21,CUST138,Male,23,Food,5,30,150
71,2024-08-19,CUST497,Female,61,Electronics,5,50,250
72,2024-09-02,CUST690,Female,51,Electronics,3,100,300
73,2024-06-04,CUST537,Female,31,Electronics,4,50,200
74,2024-09-02,CUST760,Female,45,Sports,4,200,800
75,2024-07-09,CUST339,Female,56,Food,1,20,20
76,2024-12-22,CUST602,Male,39,Clothing,5,100,500
77,2024-07-18,CUST095,Female,29,Beauty,4,50,200
78,2024-07-19,CUST282,Female,36,Electronics,4,500,2000
79,2024-02-18,CUST104,Female,40,Food,1,20,20
80,2024-07-05,CUST402,Female,48,Electronics,4,50,200
81,2024-02-17,CUST567,Male,33,Sports,2,200,400
82,2024-11-06,CUST163,Male,61,Food,4,30,120
83,2024-07-24,CUST742,Male,60,Electronics,4,100,400
84,2024-12-27,CUST199,Male,53,Electronics,1,500,500
85,2024-07-30,CUST312,Female,23,Food,2,10,20
86,2024-01-28,CUST065,Male,41,Beauty,4,30,120
87,2024-06-05,CUST456,Male,50,Clothing,2,100,200
88,2024-05-28,CUST443,Female,21,Beauty,2,20,40
89,2024-07-24,CUST122,Male,63,Food,5,30,150
90,2024-12-15,CUST624,Female,18,Food,4,30,120
91,2024-07-15,CUST422,Female,53,Beauty,5,30,150
92,2024-02-01,CUST611,Female,54,Sports,5,100,500
93,2024-10-04,CUST129,Male,40,Clothing,5,100,500
94,2024-06-30,CUST598,Male,35,Sports,1,100,100
95,2024-06-06,CUST027,Male,54,Clothing,3,200,600
96,2024-02-13,CUST063,Male,20,Electronics,1,100,100
97,2024-08-19,CUST245,Female,52,Beauty,4,20,80
98,2024-01-14,CUST215,Female,51,Electronics,4,30,120
99,2024-03-29,CUST748,Male,52,Beauty,5,30,150
100,2024-07-22,CUST116,Male,24,Clothing,5,500,2500
101,2024-11-13,CUST621,Male,25,Sports,4,50,200
102,2024-11-16,CUST760,Female,26,Clothing,4,100,400
103,2024-02-12,CUST051,Female,50,Beauty,4,20,80
104,2024-05-16,CUST595,Male,21,Beauty,5,50,250
105,2024-12-06,CUST479,Female,19,Sports,1,50,50
106,2024-01-23,CUST309,Female,54,Electronics,2,500,1000
107,2024-09-24,CUST117,Female,28,Electronics,5,100,500
108,2024-05-02,CUST579,Female,43,Electronics,3,500,1500
109,2024-05-11,CUST790,Male,25,Beauty,2,30,60
110,2024-06-08,CUST600,Male,46,Clothing,4,100,400
111,2024-10-06,CUST654,Male,24,Beauty,1,50,50
112,2024-09-30,CUST014,Male,32,Sports,4,200,800
113,2024-10-12,CUST346,Female,43,Sports,2,50,100
114,2024-02-19,CUST164,Female,31,Clothing,4,500,2000
115,2024-08-15,CUST241,Female,33,Electronics,5,500,2500
116,2024-12-13,CUST442,Female,39,Beauty,5,30,150
117,2024-03-16,CUST615,Male,59,Sports,3,100,300
118,2024-01-23,CUST247,Female,61,Food,1,30,30
119,2024-12-07,CUST580,Female,58,Clothing,1,100,100
120,2024-12-21,CUST689,Female,47,Sports,5,50,250
121,2024-09-18,CUST118,Female,25,Clothing,4,100,400
122,2024-04-26,CUST097,Female,42,Sports,4,200,800
123,2024-02-23,CUST074,Female,54,Electronics,2,30,60
124,2024-08-14,CUST137,Female,42,Electronics,5,30,150
125,2024-04-16,CUST415,Female,55,Food,5,30,150
126,2024-12-30,CUST715,Male,49,Beauty,2,30,60
127,2024-02-13,CUST183,Male,33,Food,1,30,30
128,2024-08-10,CUST404,Female,49,Beauty,4,50,200
129,2024-07-17,CUST299,Female,57,Sports,2,100,200
130,2024-02-05,CUST566,Female,47,Food,3,10,30
131,2024-04-06,CUST413,Female,43,Clothing,1,200,200
132,2024-10-29,CUST553,Female,57,Beauty,2,50,100
133,2024-07-04,CUST467,Female,43,Food,1,20,20
134,2024-08-09,CUST707,Female,37,Sports,3,100,300
135,2024-09-27,CUST169,Female,54,Sports,5,100,500
136,2024-02-17,CUST025,Female,45,Sports,5,100,500
137,2024-02-04,CUST208,Female,45,Sports,4,200,800
138,2024-06-07,CUST278,Male,32,Food,2,30,60
139,2024-01-12,CUST765,Male,21,Sports,3,100,300
140,2024-12-08,CUST077,Male,28,Electronics,5,50,250
141,2024-10-27,CUST533,Female,21,Food,3,30,90
142,2024-12-07,CUST104,Male,47,Beauty,5,20,100
143,2024-01-11,CUST096,Male,43,Sports,5,50,250
144,2024-08-09,CUST752,Female,57,Electronics,4,500,2000
145,2024-07-11,CUST318,Male,59,Sports,4,50,200
146,2024-07-22,CUST526,Male,56,Clothing,5,100,500
147,2024-09-13,CUST603,Male,63,Clothing,1,100,100
148,2024-01-23,CUST430,Female,34,Beauty,5,20,100
149,2024-01-01,CUST117,Male,45,Sports,1,50,50
150,2024-09-10,CUST284,Male,53,Clothing,5,100,500
151,2024-01-12,CUST439,Female,31,Beauty,4,30,120
152,2024-01-19,CUST361,Male,31,Clothing,1,100,100
153,2024-07-31,CUST021,Female,48,Food,5,20,100
154,2024-03-22,CUST230,Female,59,Food,5,10,50
155,2024-12-27,CUST530,Female,47,Food,3,20,60
156,2024-07-13,CUST713,Female,28,Electronics,5,30,150
157,2024-08-30,CUST038,Female,38,Food,3,30,90
158,2024-09-22,CUST660,Female,18,Beauty,3,20,60
159,2024-01-08,CUST037,Male,34,Sports,3,50,150
160,2024-01-10,CUST581,Male,30,Clothing,3,200,600
161,2024-01-02,CUST053,Male,62,Clothing,3,200,600
162,2024-03-14,CUST124,Female,25,Sports,1,50,50
163,2024-09-22,CUST281,Female,20,Electronics,4,500,2000
164,2024-01-07,CUST294,Female,52,Clothing,2,200,400
165,2024-04-26,CUST481,Female,64,Clothing,4,100,400
166,2024-05-18,CUST634,Female,41,Electronics,2,50,100
167,2024-08-29,CUST377,Female,42,Electronics,1,50,50
168,2024-12-09,CUST317,Female,20,Beauty,5,50,250
169,2024-01-26,CUST024,Female,46,Food,1,10,10
170,2024-01-26,CUST410,Female,36,Clothing,3,100,300
171,2024-06-29,CUST791,Male,35,Electronics,3,50,150
172,2024-10-10,CUST162,Female,22,Clothing,4,500,2000
173,2024-03-09,CUST787,Female,34,Food,4,20,80
174,2024-02-21,CUST108,Female,24,Beauty,4,30,120
175,2024-04-14,CUST699,Female,61,Beauty,2,20,40
176,2024-03-06,CUST503,Female,28,Sports,3,200,600
177,2024-12-15,CUST439,Male,30,Sports,2,100,200
178,2024-01-13,CUST340,Male,19,Beauty,1,30,30
179,2024-04-03,CUST459,Female,55,Sports,2,200,400
180,2024-04-03,CUST425,Female,37,Sports,1,200,200
181,2024-04-30,CUST683,Male,25,Sports,2,50,100
182,2024-06-10,CUST623,Female,22,Clothing,1,100,100
183,2024-07-15,CUST590,Male,32,Beauty,1,30,30
184,2024-08-27,CUST193,Female,23,Clothing,3,500,1500
185,2024-02-16,CUST081,Male,35,Electronics,1,100,100
186,2024-05-26,CUST728,Male,23,Clothing,4,200,800
187,2024-03-25,CUST601,Male,43,Clothing,1,200,200
188,2024-05-25,CUST375,Male,36,Sports,1,50,50
189,2024-03-07,CUST712,Male,32,Electronics,3,100,300
190,2024-05-28,CUST176,Female,57,Clothing,3,500,1500
191,2024-11-20,CUST221,Male,25,Electronics,5,100,500
192,2024-12-28,CUST128,Female,29,Electronics,4,30,120
193,2024-12-01,CUST133,Female,26,Beauty,1,20,20
194,2024-11-23,CUST571,Female,30,Electronics,4,50,200
195,2024-09-18,CUST617,Male,58,Clothing,1,500,500
196,2024-08-13,CUST126,Male,35,Beauty,2,30,60
197,2024-12-30,CUST653,Male,53,Food,4,30,120
198,2024-10-28,CUST455,Female,30,Electronics,3,30,90
199,2024-07-30,CUST636,Female,27,Food,4,30,120
200,2024-12-02,CUST767,Male,44,Electronics,2,50,100
201,2024-03-21,CUST208,Female,42,Beauty,2,20,40
202,2024-11-20,CUST568,Male,35,Clothing,1,500,500
203,2024-12-23,CUST502,Female,25,Beauty,1,30,30
204,2024-07-16,CUST306,Female,23,Beauty,4,50,200
205,2024-09-27,CUST778,Female,46,Food,3,30,90
206,2024-10-16,CUST709,Female,38,Electronics,3,50,150
207,2024-08-02,CUST800,Female,41,Clothing,5,200,1000
208,2024-08-29,CUST255,Male,45,Beauty,3,20,60
209,2024-12-20,CUST178,Female,50,Food,3,10,30
210,2024-11-06,CUST179,Female,56,Sports,1,50,50
211,2024-11-28,CUST148,Female,30,Beauty,5,30,150
212,2024-05-03,CUST007,Male,18,Beauty,4,50,200
213,2024-06-25,CUST601,Male,22,Electronics,4,500,2000
214,2024-10-16,CUST733,Male,22,Beauty,4,50,200
215,2024-12-02,CUST375,Female,44,Clothing,3,100,300
216,2024-01-10,CUST790,Female,41,Beauty,2,30,60
217,2024-11-16,CUST677,Female,19,Beauty,3,30,90
218,2024-08-02,CUST273,Male,18,Clothing,2,500,1000
219,2024-02-17,CUST199,Male,59,Clothing,4,100,400
220,2024-09-03,CUST605,Male,60,Beauty,1,20,20
221,2024-07-04,CUST485,Female,58,Food,2,10,20
222,2024-10-16,CUST415,Female,35,Sports,2,200,400
223,2024-05-02,CUST715,Female,61,Food,5,30,150
224,2024-12-24,CUST781,Male,47,Sports,4,200,800
225,2024-07-21,CUST435,Female,29,Sports,2,100,200
226,2024-09-05,CUST306,Male,31,Electronics,2,100,200
227,2024-10-10,CUST558,Female,64,Clothing,3,500,1500
228,2024-12-14,CUST337,Male,48,Sports,5,50,250
229,2024-01-06,CUST358,Male,64,Sports,5,100,500
230,2024-12-01,CUST417,Female,41,Beauty,5,30,150
231,2024-12-24,CUST759,Male,19,Beauty,3,20,60
232,2024-02-05,CUST387,Female,34,Beauty,3,20,60
233,2024-04-25,CUST409,Female,25,Sports,3,100,300
234,2024-03-09,CUST375,Male,62,Food,4,20,80
235,2024-12-14,CUST617,Female,37,Clothing,4,200,800
236,2024-11-18,CUST476,Male,30,Food,4,20,80
237,2024-07-02,CUST484,Male,38,Sports,2,100,200
238,2024-02-11,CUST224,Female,37,Food,3,20,60
239,2024-05-31,CUST088,Male,38,Food,2,10,20
240,2024-01-12,CUST552,Male,24,Food,3,20,60
241,2024-04-23,CUST659,Female,33,Electronics,5,50,250
242,2024-05-26,CUST570,Male,45,Sports,4,50,200
243,2024-12-07,CUST588,Female,36,Food,5,10,50
244,2024-06-11,CUST224,Female,52,Electronics,3,30,90
245,2024-04-26,CUST479,Female,34,Clothing,2,100,200
246,2024-06-18,CUST573,Female,28,Sports,1,100,100
247,2024-04-12,CUST015,Male,36,Food,5,30,150
248,2024-10-07,CUST604,Female,18,Food,5,20,100
249,2024-12-27,CUST236,Female,60,Beauty,1,20,20
250,2024-01-07,CUST068,Female,46,Sports,5,50,250
251,2024-01-28,CUST153,Female,24,Clothing,4,500,2000
252,2024-07-07,CUST461,Female,33,Beauty,3,30,90
253,2024-06-21,CUST567,Male,50,Sports,2,50,100
254,2024-10-30,CUST309,Male,39,Beauty,5,20,100
255,2024-09-05,CUST543,Female,56,Electronics,5,100,500
256,2024-07-22,CUST371,Male,47,Sports,2,100,200
257,2024-12-30,CUST354,Female,19,Clothing,5,100,500
258,2024-01-15,CUST098,Male,58,Electronics,3,500,1500
259,2024-02-16,CUST410,Female,47,Clothing,5,500,2500
260,2024-04-23,CUST750,Female,26,Beauty,5,30,150
261,2024-03-26,CUST764,Female,46,Sports,2,100,200
262,2024-10-29,CUST051,Female,36,Clothing,4,200,800
263,2024-05-19,CUST286,Female,40,Sports,5,50,250
264,2024-07-07,CUST625,Female,63,Beauty,5,30,150
265,2024-11-20,CUST572,Male,29,Clothing,4,200,800
266,2024-08-12,CUST607,Female,23,Sports,4,200,800
267,2024-12-16,CUST732,Male,21,Clothing,5,200,1000
268,2024-10-31,CUST356,Female,60,Beauty,2,30,60
269,2024-08-02,CUST428,Male,59,Food,1,10,10
270,2024-09-19,CUST223,Female,32,Electronics,2,30,60
271,2024-10-16,CUST095,Male,57,Electronics,4,30,120
272,2024-10-28,CUST316,Female,38,Clothing,3,100,300
273,2024-04-20,CUST395,Male,27,Electronics,2,50,100
274,2024-10-17,CUST240,Female,50,Sports,5,50,250
275,2024-12-13,CUST766,Male,23,Beauty,2,30,60
276,2024-05-04,CUST100,Male,62,Clothing,3,200,600
277,2024-04-04,CUST511,Female,49,Beauty,3,50,150
278,2024-01-29,CUST661,Female,51,Clothing,1,200,200
279,2024-09-18,CUST272,Male,26,Sports,3,200,600
280,2024-07-21,CUST219,Male,44,Food,4,10,40
281,2024-01-08,CUST142,Male,23,Sports,2,50,100
282,2024-02-19,CUST789,Female,47,Beauty,3,20,60
283,2024-05-21,CUST170,Male,28,Sports,3,100,300
284,2024-06-02,CUST704,Female,51,Beauty,3,30,90
285,2024-04-05,CUST542,Male,26,Electronics,1,30,30
286,2024-02-15,CUST078,Male,47,Sports,5,200,1000
287,2024-05-18,CUST326,Male,33,Sports,1,50,50
288,2024-11-25,CUST713,Male,18,Sports,1,50,50
289,2024-06-14,CUST672,Male,43,Sports,3,200,600
290,2024-12-01,CUST527,Male,18,Electronics,1,50,50
291,2024-04-02,CUST687,Male,54,Beauty,4,20,80
292,2024-01-06,CUST532,Female,55,Beauty,1,20,20
293,2024-10-21,CUST313,Female,51,Sports,1,50,50
294,2024-11-06,CUST054,Male,35,Food,4,30,120
295,2024-05-14,CUST703,Female,61,Sports,3,50,150
296,2024-11-16,CUST551,Female,57,Electronics,1,100,100
297,2024-04-23,CUST192,Female,30,Beauty,1,50,50
298,2024-05-09,CUST782,Male,60,Clothing,2,100,200
299,2024-08-29,CUST717,Male,37,Electronics,1,100,100
300,2024-12-24,CUST664,Male,22,Food,1,20,20
301,2024-08-22,CUST377,Male,22,Electronics,2,50,100
302,2024-02-24,CUST797,Male,34,Food,2,20,40
303,2024-09-17,CUST143,Female,32,Electronics,4,100,400
304,2024-07-25,CUST485,Female,60,Beauty,2,20,40
305,2024-04-22,CUST383,Female,61,Beauty,4,30,120
306,2024-09-14,CUST525,Female,59,Beauty,2,20,40
307,2024-02-17,CUST328,Female,51,Beauty,2,20,40
308,2024-12-05,CUST727,Female,36,Beauty,1,30,30
309,2024-11-11,CUST253,Male,29,Beauty,5,20,100
310,2024-09-15,CUST571,Female,53,Sports,5,50,250
311,2024-02-02,CUST583,Male,58,Clothing,2,200,400
312,2024-11-22,CUST359,Male,56,Electronics,4,500,2000
313,2024-04-21,CUST712,Male,56,Sports,1,50,50
314,2024-08-22,CUST074,Female,58,Clothing,5,100,500
315,2024-07-13,CUST415,Female,23,Electronics,5,30,150
316,2024-03-11,CUST458,Female,46,Beauty,2,20,40
317,2024-08-01,CUST356,Female,63,Beauty,4,50,200
318,2024-06-13,CUST468,Female,32,Sports,5,50,250
319,2024-06-08,CUST011,Male,18,Clothing,1,100,100
320,2024-08-05,CUST098,Female,20,Food,2,10,20
321,2024-08-14,CUST768,Male,63,Food,4,10,40
322,2024-06-19,CUST661,Male,49,Clothing,4,500,2000
323,2024-03-22,CUST588,Male,32,Clothing,5,500,2500
324,2024-05-13,CUST099,Female,28,Beauty,5,30,150
325,2024-04-07,CUST547,Female,38,Clothing,4,500,2000
326,2024-10-08,CUST363,Female,24,Sports,3,100,300
327,2024-08-04,CUST532,Male,60,Food,1,10,10
328,2024-05-03,CUST548,Female,34,Clothing,5,200,1000
329,2024-11-24,CUST775,Female,56,Electronics,4,500,2000
330,2024-04-03,CUST751,Female,31,Clothing,3,500,1500
331,2024-06-22,CUST719,Male,38,Clothing,3,500,1500
332,2024-12-09,CUST015,Male,61,Electronics,1,50,50
333,2024-05-18,CUST725,Male,58,Beauty,1,50,50
334,2024-10-14,CUST008,Female,27,Food,3,30,90
335,2024-12-05,CUST443,Male,38,Electronics,2,50,100
336,2024-02-22,CUST277,Female,36,Beauty,4,30,120
337,2024-03-01,CUST510,Male,50,Beauty,2,30,60
338,2024-03-16,CUST034,Female,19,Beauty,2,50,100
339,2024-11-11,CUST027,Female,51,Clothing,5,200,1000
340,2024-10-10,CUST608,Female,20,Sports,1,50,50
341,2024-07-10,CUST131,Female,22,Sports,2,100,200
342,2024-06-18,CUST082,Male,52,Clothing,3,100,300
343,2024-07-07,CUST554,Female,61,Beauty,1,20,20
344,2024-01-25,CUST363,Female,25,Food,5,30,150
345,2024-02-13,CUST323,Female,23,Electronics,1,500,500
346,2024-06-18,CUST717,Male,21,Electronics,2,30,60
347,2024-12-30,CUST700,Female,19,Sports,2,200,400
348,2024-01-15,CUST010,Male,56,Beauty,4,30,120
349,2024-10-31,CUST545,Female,20,Clothing,4,500,2000
350,2024-12-01,CUST352,Male,57,Beauty,1,30,30
351,2024-12-03,CUST414,Male,22,Electronics,3,50,150
352,2024-07-20,CUST590,Male,47,Beauty,3,20,60
353,2024-05-21,CUST514,Male,45,Clothing,1,100,100
354,2024-11-15,CUST539,Female,21,Food,4,10,40
355,2024-07-20,CUST174,Female,55,Clothing,4,200,800
356,2024-05-05,CUST472,Male,54,Sports,2,100,200
357,2024-09-20,CUST001,Female,48,Food,3,30,90
358,2024-01-03,CUST343,Female,54,Beauty,2,50,100
359,2024-05-20,CUST070,Male,61,Food,1,30,30
360,2024-03-12,CUST181,Female,37,Electronics,1,100,100
361,2024-03-22,CUST530,Female,50,Food,1,10,10
362,2024-11-18,CUST539,Male,27,Beauty,1,30,30
363,2024-04-06,CUST125,Female,51,Sports,1,200,200
364,2024-12-28,CUST468,Male,51,Clothing,4,200,800
365,2024-05-13,CUST389,Male,45,Clothing,1,100,100
366,2024-09-24,CUST480,Female,54,Food,5,30,150
367,2024-11-24,CUST202,Male,59,Food,4,30,120
368,2024-05-07,CUST010,Male,39,Food,4,30,120
369,2024-10-30,CUST477,Male,57,Beauty,4,50,200
370,2024-04-15,CUST230,Male,40,Clothing,1,500,500
371,2024-05-29,CUST402,Female,51,Food,1,20,20
372,2024-06-28,CUST313,Female,37,Electronics,1,50,50
373,2024-04-11,CUST665,Female,44,Beauty,1,30,30
374,2024-11-27,CUST534,Male,55,Food,2,10,20
375,2024-05-25,CUST682,Male,59,Sports,4,200,800
376,2024-07-24,CUST283,Male,41,Electronics,3,30,90
377,2024-10-02,CUST419,Female,40,Food,4,10,40
378,2024-07-28,CUST048,Male,18,Food,2,30,60
379,2024-08-13,CUST075,Female,63,Sports,5,100,500
380,2024-08-05,CUST560,Male,36,Sports,5,50,250
381,2024-06-09,CUST246,Female,38,Beauty,1,20,20
382,2024-05-25,CUST327,Male,40,Food,1,30,30
383,2024-09-03,CUST340,Female,47,Food,4,10,40
384,2024-02-14,CUST061,Male,56,Sports,5,200,1000
385,2024-06-06,CUST727,Male,54,Beauty,2,20,40
386,2024-10-24,CUST113,Female,31,Food,5,20,100
387,2024-05-02,CUST557,Female,18,Beauty,1,30,30
388,2024-01-11,CUST409,Female,42,Food,2,10,20
389,2024-10-13,CUST718,Male,52,Clothing,3,100,300
390,2024-12-16,CUST107,Male,61,Clothing,3,200,600
391,2024-01-24,CUST790,Male,48,Electronics,4,50,200
392,2024-02-10,CUST052,Male,43,Sports,5,100,500
393,2024-04-22,CUST582,Female,39,Food,4,30,120
394,2024-09-24,CUST734,Female,43,Food,3,30,90
395,2024-12-03,CUST023,Male,42,Clothing,4,500,2000
396,2024-11-28,CUST601,Female,46,Beauty,5,50,250
397,2024-06-12,CUST058,Female,22,Clothing,4,200,800
398,2024-09-02,CUST218,Male,34,Food,5,10,50
399,2024-12-02,CUST299,Female,63,Electronics,2,50,100
400,2024-02-23,CUST138,Female,43,Clothing,1,100,100
401,2024-09-23,CUST368,Female,49,Clothing,1,200,200
402,2024-11-10,CUST672,Female,30,Beauty,2,20,40
403,2024-07-21,CUST773,Male,60,Clothing,4,500,2000
404,2024-03-15,CUST434,Male,35,Beauty,1,50,50
405,2024-10-31,CUST716,Male,51,Food,5,30,150
406,2024-05-20,CUST247,Male,50,Clothing,3,500,1500
407,2024-06-01,CUST368,Male,51,Sports,1,200,200
408,2024-10-02,CUST334,Male,64,Electronics,5,50,250
409,2024-09-24,CUST500,Male,35,Beauty,3,50,150
410,2024-12-09,CUST726,Female,47,Food,3,30,90
411,2024-11-22,CUST155,Female,64,Beauty,1,20,20
412,2024-03-18,CUST579,Female,47,Food,2,30,60
413,2024-05-31,CUST676,Male,62,Sports,4,50,200
414,2024-10-30,CUST403,Male,62,Clothing,1,500,500
415,2024-03-29,CUST202,Female,39,Beauty,2,30,60
416,2024-03-05,CUST742,Female,55,Electronics,4,30,120
417,2024-11-18,CUST705,Female,18,Clothing,1,100,100
418,2024-06-05,CUST411,Female,23,Electronics,3,30,90
419,2024-11-27,CUST290,Male,44,Sports,5,50,250
420,2024-06-05,CUST010,Female,45,Sports,4,200,800
421,2024-06-04,CUST687,Female,26,Beauty,3,30,90
422,2024-09-16,CUST565,Female,21,Food,1,10,10
423,2024-10-30,CUST490,Female,27,Beauty,5,30,150
424,2024-09-05,CUST206,Male,28,Beauty,2,20,40
425,2024-11-07,CUST440,Female,49,Food,3,30,90
426,2024-09-20,CUST621,Male,43,Food,5,30,150
427,2024-02-07,CUST195,Female,36,Sports,2,200,400
428,2024-09-27,CUST636,Female,41,Clothing,2,500,1000
429,2024-09-10,CUST248,Male,33,Clothing,1,500,500
430,2024-05-17,CUST043,Male,62,Clothing,3,100,300
431,2024-01-31,CUST177,Male,34,Food,4,30,120
432,2024-11-11,CUST417,Male,32,Sports,4,200,800
433,2024-03-27,CUST091,Female,54,Clothing,3,500,1500
434,2024-02-08,CUST002,Female,24,Food,3,10,30
435,2024-07-14,CUST750,Male,31,Sports,2,100,200
436,2024-03-02,CUST201,Female,63,Sports,5,200,1000
437,2024-05-18,CUST715,Male,37,Beauty,1,20,20
438,2024-06-19,CUST274,Male,37,Sports,4,50,200
439,2024-09-04,CUST214,Female,53,Food,3,30,90
440,2024-12-07,CUST248,Male,46,Electronics,1,500,500
441,2024-05-24,CUST283,Female,28,Clothing,2,500,1000
442,2024-12-18,CUST355,Male,32,Electronics,5,30,150
443,2024-05-19,CUST707,Female,38,Beauty,4,30,120
444,2024-10-11,CUST657,Female,30,Clothing,1,500,500
445,2024-08-06,CUST233,Male,36,Sports,5,50,250
446,2024-05-16,CUST227,Male,48,Clothing,3,100,300
447,2024-08-23,CUST614,Male,28,Electronics,5,50,250
448,2024-09-24,CUST396,Female,50,Food,3,20,60
449,2024-05-31,CUST635,Male,49,Food,4,10,40
450,2024-02-12,CUST782,Female,24,Beauty,4,50,200
451,2024-10-06,CUST797,Female,35,Electronics,3,100,300
452,2024-10-23,CUST457,Female,25,Electronics,5,50,250
453,2024-05-16,CUST362,Male,56,Sports,2,100,200
454,2024-12-15,CUST401,Female,36,Electronics,3,30,90
455,2024-08-17,CUST127,Male,23,Beauty,1,30,30
456,2024-06-09,CUST286,Female,49,Beauty,4,50,200
457,2024-04-26,CUST648,Male,44,Electronics,2,30,60
458,2024-04-24,CUST307,Male,36,Food,5,20,100
459,2024-08-31,CUST788,Female,61,Electronics,3,500,1500
460,2024-12-18,CUST332,Female,55,Sports,5,200,1000
461,2024-04-15,CUST740,Male,37,Food,3,30,90
462,2024-07-25,CUST056,Male,46,Clothing,2,200,400
463,2024-06-09,CUST601,Male,24,Electronics,4,50,200
464,2024-10-28,CUST190,Male,41,Electronics,3,50,150
465,2024-12-21,CUST176,Female,35,Electronics,4,500,2000
466,2024-11-25,CUST683,Female,48,Clothing,2,100,200
467,2024-07-15,CUST634,Female,42,Beauty,1,20,20
468,2024-04-18,CUST773,Male,52,Beauty,3,30,90
469,2024-04-12,CUST161,Male,18,Beauty,5,30,150
470,2024-02-04,CUST382,Male,57,Food,2,30,60
471,2024-04-04,CUST795,Male,49,Food,2,10,20
472,2024-03-08,CUST427,Female,40,Clothing,2,100,200
473,2024-11-25,CUST534,Male,25,Clothing,2,200,400
474,2024-03-18,CUST075,Female,43,Electronics,4,500,2000
475,2024-06-07,CUST339,Female,33,Beauty,3,30,90
476,2024-04-10,CUST020,Male,55,Beauty,4,50,200
477,2024-09-17,CUST432,Female,36,Beauty,2,20,40
478,2024-05-28,CUST318,Male,25,Sports,2,50,100
479,2024-06-07,CUST267,Male,47,Clothing,2,100,200
480,2024-06-30,CUST077,Male,52,Clothing,5,200,1000
481,2024-08-25,CUST463,Male,53,Beauty,2,20,40
482,2024-12-26,CUST520,Female,23,Electronics,1,100,100
483,2024-07-05,CUST038,Male,28,Electronics,5,30,150
484,2024-12-11,CUST194,Female,39,Beauty,3,50,150
485,2024-06-26,CUST351,Male,33,Clothing,2,500,1000
486,2024-06-11,CUST273,Female,27,Electronics,3,100,300
487,2024-08-20,CUST740,Male,64,Beauty,2,50,100
488,2024-07-05,CUST398,Female,58,Clothing,2,100,200
489,2024-06-24,CUST215,Male,37,Electronics,2,30,60
490,2024-11-28,CUST647,Female,31,Food,2,20,40
491,2024-12-06,CUST118,Female,23,Clothing,1,500,500
492,2024-12-11,CUST439,Female,63,Electronics,1,500,500
493,2024-08-27,CUST530,Male,59,Clothing,2,200,400
494,2024-12-21,CUST406,Male,54,Beauty,4,20,80
495,2024-03-16,CUST153,Female,39,Electronics,4,30,120
496,2024-05-02,CUST438,Male,47,Sports,4,100,400
497,2024-10-10,CUST315,Male,61,Food,3,20,60
498,2024-12-09,CUST334,Male,25,Food,5,20,100
499,2024-05-10,CUST647,Male,59,Beauty,2,20,40
500,2024-07-11,CUST689,Male,53,Clothing,4,200,800
501,2024-04-15,CUST290,Female,22,Clothing,1,500,500
502,2024-05-19,CUST630,Male,38,Clothing,2,100,200
503,2024-06-23,CUST525,Female,52,Beauty,3,20,60
504,2024-08-31,CUST258,Female,57,Electronics,2,30,60
505,2024-10-07,CUST593,Male,44,Food,3,10,30
506,2024-12-16,CUST663,Female,61,Electronics,2,30,60
507,2024-08-07,CUST651,Female,25,Electronics,5,30,150
508,2024-10-10,CUST027,Female,46,Clothing,1,100,100
509,2024-04-21,CUST676,Female,64,Food,4,20,80
510,2024-05-23,CUST468,Male,48,Sports,4,200,800
511,2024-05-19,CUST051,Male,56,Food,1,20,20
512,2024-10-18,CUST349,Male,30,Beauty,2,50,100
513,2024-10-25,CUST084,Male,54,Sports,4,200,800
514,2024-06-14,CUST187,Male,39,Sports,2,100,200
515,2024-07-19,CUST665,Female,37,Sports,3,100,300
516,2024-05-18,CUST748,Male,51,Food,3,10,30
517,2024-10-08,CUST543,Female,57,Clothing,5,100,500
518,2024-02-25,CUST139,Female,60,Electronics,2,500,1000
519,2024-04-19,CUST357,Male,60,Food,1,30,30
520,2024-09-16,CUST273,Female,32,Food,4,20,80
521,2024-05-20,CUST157,Female,22,Beauty,3,50,150
522,2024-12-29,CUST432,Female,33,Sports,1,50,50
523,2024-03-09,CUST532,Female,36,Food,2,30,60
524,2024-06-12,CUST226,Female,32,Food,3,30,90
525,2024-11-23,CUST561,Male,18,Beauty,3,30,90
526,2024-01-09,CUST138,Female,20,Sports,5,100,500
527,2024-08-22,CUST029,Female,55,Electronics,2,100,200
528,2024-05-10,CUST128,Male,28,Electronics,1,100,100
529,2024-09-07,CUST260,Female,23,Sports,2,100,200
530,2024-03-08,CUST470,Male,53,Clothing,3,500,1500
531,2024-05-01,CUST679,Female,22,Beauty,4,20,80
532,2024-10-15,CUST241,Female,54,Clothing,5,100,500
533,2024-03-10,CUST142,Female,36,Clothing,2,100,200
534,2024-09-15,CUST183,Male,23,Food,1,30,30
535,2024-01-20,CUST564,Female,36,Food,3,20,60
536,2024-12-03,CUST621,Female,40,Clothing,1,100,100
537,2024-01-04,CUST753,Female,42,Sports,1,200,200
538,2024-03-10,CUST611,Female,42,Beauty,4,20,80
539,2024-10-21,CUST297,Female,49,Food,2,20,40
540,2024-02-09,CUST695,Male,39,Clothing,1,100,100
541,2024-02-06,CUST259,Male,50,Clothing,1,100,100
542,2024-08-14,CUST353,Female,39,Beauty,3,50,150
543,2024-09-19,CUST519,Male,38,Electronics,3,50,150
544,2024-04-24,CUST238,Male,25,Clothing,5,100,500
545,2024-01-09,CUST177,Male,31,Sports,5,100,500
546,2024-07-26,CUST693,Male,41,Sports,4,200,800
547,2024-03-12,CUST486,Female,62,Beauty,2,30,60
548,2024-11-25,CUST667,Female,56,Sports,4,50,200
549,2024-12-28,CUST590,Male,25,Clothing,4,200,800
550,2024-01-12,CUST652,Male,50,Food,1,10,10
551,2024-03-14,CUST419,Male,39,Electronics,2,50,100
552,2024-10-08,CUST372,Female,26,Clothing,5,100,500
553,2024-07-21,CUST682,Female,34,Clothing,2,200,400
554,2024-09-05,CUST039,Female,56,Electronics,2,500,1000
555,2024-08-21,CUST484,Female,59,Clothing,5,500,2500
556,2024-12-30,CUST684,Female,42,Food,1,20,20
557,2024-10-15,CUST476,Male,34,Clothing,2,200,400
558,2024-12-26,CUST557,Female,36,Electronics,4,100,400
559,2024-04-01,CUST595,Female,30,Sports,3,100,300
560,2024-01-18,CUST397,Female,47,Clothing,3,500,1500
561,2024-07-08,CUST695,Male,38,Food,2,20,40
562,2024-03-21,CUST798,Female,27,Food,1,30,30
563,2024-03-02,CUST186,Female,29,Sports,1,50,50
564,2024-01-17,CUST341,Female,28,Beauty,5,20,100
565,2024-05-15,CUST738,Female,50,Beauty,3,20,60
566,2024-01-23,CUST619,Female,47,Electronics,1,30,30
567,2024-06-20,CUST619,Male,31,Sports,4,200,800
568,2024-04-21,CUST669,Male,32,Beauty,5,30,150
569,2024-04-19,CUST390,Female,20,Beauty,5,20,100
570,2024-04-17,CUST161,Female,55,Clothing,2,100,200
571,2024-02-18,CUST477,Female,44,Beauty,1,30,30
572,2024-08-26,CUST716,Male,29,Beauty,5,30,150
573,2024-06-19,CUST481,Male,50,Sports,2,200,400
574,2024-11-27,CUST531,Female,21,Electronics,3,50,150
575,2024-11-08,CUST179,Female,25,Electronics,2,500,1000
576,2024-11-08,CUST270,Female,62,Clothing,5,500,2500
577,2024-10-28,CUST407,Female,36,Sports,4,200,800
578,2024-12-26,CUST572,Male,64,Food,1,20,20
579,2024-08-03,CUST280,Male,53,Beauty,1,50,50
580,2024-08-27,CUST608,Male,61,Beauty,4,30,120
581,2024-07-12,CUST406,Male,62,Clothing,5,500,2500
582,2024-01-09,CUST184,Female,21,Beauty,1,20,20
583,2024-06-26,CUST463,Female,23,Clothing,1,200,200
584,2024-07-17,CUST398,Female,55,Clothing,5,100,500
585,2024-06-10,CUST145,Male,28,Beauty,5,20,100
586,2024-01-05,CUST568,Male,50,Food,4,30,120
587,2024-02-23,CUST277,Female,32,Sports,1,50,50
588,2024-12-21,CUST472,Female,19,Clothing,1,500,500
589,2024-09-27,CUST560,Male,38,Beauty,2,50,100
590,2024-01-25,CUST518,Female,27,Clothing,2,200,400
591,2024-07-12,CUST540,Female,24,Clothing,3,100,300
592,2024-07-21,CUST170,Female,38,Electronics,4,500,2000
593,2024-06-19,CUST198,Female,19,Food,3,10,30
594,2024-07-23,CUST600,Female,51,Clothing,2,500,1000
595,2024-10-08,CUST746,Female,43,Sports,4,200,800
596,2024-06-20,CUST186,Female,55,Clothing,2,200,400
597,2024-09-08,CUST106,Female,62,Electronics,4,500,2000
598,2024-08-17,CUST763,Female,51,Beauty,2,30,60
599,2024-06-18,CUST299,Female,22,Clothing,2,500,1000
600,2024-12-06,CUST775,Male,62,Clothing,1,100,100
601,2024-12-14,CUST595,Male,41,Food,4,20,80
602,2024-08-17,CUST446,Female,39,Food,4,30,120
603,2024-02-26,CUST789,Female,20,Electronics,1,500,500
604,2024-04-17,CUST127,Male,18,Electronics,1,30,30
605,2024-08-02,CUST053,Female,41,Clothing,3,500,1500
606,2024-02-12,CUST290,Female,62,Food,3,20,60
607,2024-11-13,CUST238,Male,50,Sports,2,100,200
608,2024-08-21,CUST714,Male,38,Sports,1,200,200
609,2024-10-09,CUST296,Female,54,Food,3,10,30
610,2024-07-11,CUST518,Female,56,Sports,4,100,400
611,2024-04-27,CUST053,Male,37,Food,4,10,40
612,2024-11-18,CUST094,Male,31,Beauty,2,50,100
613,2024-05-01,CUST583,Female,49,Sports,1,100,100
614,2024-12-04,CUST217,Female,51,Sports,1,100,100
615,2024-08-18,CUST347,Male,44,Clothing,3,100,300
616,2024-12-14,CUST138,Female,46,Beauty,3,20,60
617,2024-08-21,CUST415,Female,62,Food,2,20,40
618,2024-08-29,CUST255,Male,41,Food,3,30,90
619,2024-11-11,CUST499,Male,52,Beauty,3,50,150
620,2024-05-02,CUST225,Female,59,Clothing,3,200,600
621,2024-11-03,CUST606,Male,51,Electronics,1,100,100
622,2024-06-22,CUST344,Male,62,Beauty,4,50,200
623,2024-12-27,CUST198,Female,47,Sports,3,100,300
624,2024-08-20,CUST002,Male,62,Sports,3,200,600
625,2024-01-05,CUST220,Male,30,Food,5,30,150
626,2024-03-05,CUST191,Female,25,Clothing,1,200,200
627,2024-01-09,CUST416,Male,57,Clothing,3,100,300
628,2024-05-05,CUST186,Female,33,Sports,1,50,50
629,2024-05-02,CUST515,Male,38,Food,1,30,30
630,2024-02-02,CUST368,Male,52,Electronics,5,30,150
631,2024-08-14,CUST245,Female,34,Electronics,2,30,60
632,2024-11-03,CUST767,Male,32,Electronics,3,30,90
633,2024-03-03,CUST727,Female,47,Clothing,3,100,300
634,2024-02-07,CUST038,Female,19,Electronics,1,500,500
635,2024-07-30,CUST461,Female,45,Sports,5,100,500
636,2024-05-01,CUST135,Female,42,Clothing,3,500,1500
637,2024-04-05,CUST300,Male,42,Food,1,10,10
638,2024-01-09,CUST462,Male,31,Clothing,2,200,400
639,2024-06-23,CUST519,Male,31,Sports,5,100,500
640,2024-01-13,CUST306,Female,21,Sports,1,50,50
641,2024-05-26,CUST719,Female,45,Food,5,20,100
642,2024-09-06,CUST312,Male,24,Electronics,5,100,500
643,2024-08-01,CUST571,Female,45,Sports,2,50,100
644,2024-01-27,CUST537,Male,48,Food,5,10,50
645,2024-11-27,CUST724,Male,50,Electronics,3,30,90
646,2024-10-26,CUST011,Male,48,Clothing,4,500,2000
647,2024-05-10,CUST574,Male,31,Beauty,4,20,80
648,2024-05-11,CUST185,Female,52,Food,1,10,10
649,2024-02-07,CUST232,Male,45,Clothing,2,500,1000
650,2024-03-14,CUST012,Male,29,Beauty,5,50,250
651,2024-06-24,CUST264,Female,53,Food,4,30,120
652,2024-07-24,CUST045,Male,61,Electronics,4,500,2000
653,2024-06-02,CUST110,Male,30,Beauty,1,50,50
654,2024-04-21,CUST653,Male,49,Electronics,2,100,200
655,2024-10-13,CUST268,Male,44,Sports,4,200,800
656,2024-02-17,CUST430,Female,53,Food,5,20,100
657,2024-12-08,CUST382,Male,32,Sports,3,200,600
658,2024-01-18,CUST167,Male,23,Electronics,2,50,100
659,2024-12-15,CUST757,Female,30,Beauty,1,30,30
660,2024-06-10,CUST602,Female,46,Clothing,1,100,100
661,2024-08-07,CUST676,Male,55,Food,3,30,90
662,2024-05-12,CUST522,Female,24,Beauty,5,50,250
663,2024-11-01,CUST415,Female,28,Clothing,2,500,1000
664,2024-11-20,CUST075,Male,22,Electronics,5,100,500
665,2024-04-12,CUST620,Female,61,Sports,4,50,200
666,2024-11-06,CUST104,Male,37,Sports,5,200,1000
667,2024-09-13,CUST467,Female,21,Clothing,4,100,400
668,2024-05-25,CUST545,Male,40,Electronics,5,50,250
669,2024-12-11,CUST645,Male,63,Electronics,1,50,50
670,2024-02-26,CUST745,Male,64,Beauty,1,20,20
671,2024-02-26,CUST716,Female,28,Food,2,20,40
672,2024-07-04,CUST032,Male,26,Food,1,30,30
673,2024-02-13,CUST182,Male,40,Food,3,30,90
674,2024-09-13,CUST773,Male,31,Clothing,4,200,800
675,2024-10-24,CUST739,Female,56,Food,4,30,120
676,2024-05-16,CUST207,Female,48,Beauty,4,30,120
677,2024-05-20,CUST288,Female,36,Electronics,4,100,400
678,2024-07-23,CUST282,Male,45,Electronics,1,50,50
679,2024-07-08,CUST689,Male,56,Beauty,2,50,100
680,2024-01-23,CUST476,Female,53,Food,2,10,20
681,2024-10-10,CUST538,Male,42,Beauty,4,30,120
682,2024-05-13,CUST767,Female,36,Electronics,1,100,100
683,2024-11-06,CUST786,Female,20,Beauty,1,20,20
684,2024-03-06,CUST793,Female,26,Food,4,30,120
685,2024-11-03,CUST137,Male,59,Sports,5,100,500
686,2024-05-22,CUST196,Male,43,Beauty,3,20,60
687,2024-05-12,CUST690,Male,43,Beauty,4,20,80
688,2024-08-15,CUST642,Male,22,Electronics,1,100,100
689,2024-02-25,CUST793,Male,36,Electronics,4,100,400
690,2024-05-14,CUST106,Female,25,Beauty,1,20,20
691,2024-01-27,CUST155,Female,25,Beauty,3,50,150
692,2024-03-13,CUST081,Female,61,Electronics,2,30,60
693,2024-11-26,CUST582,Female,50,Food,1,10,10
694,2024-03-31,CUST705,Male,55,Sports,3,100,300
695,2024-05-09,CUST110,Female,57,Food,2,30,60
696,2024-08-15,CUST414,Female,48,Beauty,2,50,100
697,2024-08-11,CUST566,Female,42,Electronics,4,500,2000
698,2024-05-14,CUST040,Male,37,Clothing,4,200,800
699,2024-11-21,CUST711,Male,42,Sports,4,100,400
700,2024-12-24,CUST752,Male,37,Food,3,20,60
701,2024-05-19,CUST606,Female,46,Sports,5,200,1000
702,2024-02-11,CUST754,Male,44,Sports,5,50,250
703,2024-01-20,CUST584,Male,39,Clothing,2,500,1000
704,2024-09-10,CUST106,Female,59,Clothing,3,200,600
705,2024-12-09,CUST613,Male,37,Clothing,4,500,2000
706,2024-09-24,CUST737,Male,37,Electronics,4,50,200
707,2024-01-13,CUST588,Female,49,Beauty,1,50,50
708,2024-01-19,CUST016,Male,45,Clothing,5,200,1000
709,2024-04-29,CUST440,Male,30,Beauty,4,50,200
710,2024-08-08,CUST282,Male,24,Electronics,4,500,2000
711,2024-08-29,CUST286,Female,42,Sports,5,100,500
712,2024-08-31,CUST419,Male,54,Sports,4,200,800
713,2024-01-23,CUST344,Female,37,Food,3,10,30
714,2024-02-16,CUST516,Male,48,Beauty,2,30,60
715,2024-07-09,CUST364,Male,26,Food,4,20,80
716,2024-12-10,CUST765,Female,44,Electronics,4,50,200
717,2024-03-12,CUST115,Female,55,Beauty,4,50,200
718,2024-11-07,CUST430,Female,61,Clothing,2,500,1000
719,2024-11-11,CUST334,Female,38,Food,1,30,30
720,2024-03-17,CUST545,Male,40,Food,2,20,40
721,2024-07-21,CUST410,Male,57,Food,3,10,30
722,2024-02-24,CUST536,Male,51,Beauty,1,20,20
723,2024-07-28,CUST773,Male,52,Beauty,5,30,150
724,2024-04-11,CUST015,Female,46,Beauty,5,50,250
725,2024-10-23,CUST029,Male,33,Clothing,4,200,800
726,2024-02-09,CUST199,Male,38,Electronics,2,500,1000
727,2024-08-30,CUST405,Male,19,Sports,3,100,300
728,2024-08-04,CUST007,Female,56,Food,2,30,60
729,2024-02-29,CUST090,Male,55,Clothing,3,500,1500
730,2024-03-16,CUST360,Male,20,Electronics,4,500,2000
731,2024-07-24,CUST153,Male,43,Food,3,20,60
732,2024-10-21,CUST795,Female,50,Beauty,4,30,120
733,2024-08-17,CUST597,Female,58,Food,2,30,60
734,2024-12-02,CUST740,Male,53,Sports,3,100,300
735,2024-06-19,CUST397,Male,51,Beauty,4,20,80
736,2024-02-03,CUST690,Male,51,Sports,5,100,500
737,2024-10-20,CUST326,Male,21,Sports,5,200,1000
738,2024-03-31,CUST006,Male,46,Electronics,1,100,100
739,2024-02-11,CUST583,Female,28,Clothing,4,100,400
740,2024-06-11,CUST311,Male,23,Electronics,5,100,500
741,2024-10-13,CUST033,Female,60,Sports,5,100,500
742,2024-05-08,CUST586,Female,19,Beauty,4,50,200
743,2024-07-10,CUST328,Female,29,Beauty,3,50,150
744,2024-08-03,CUST296,Male,25,Clothing,3,100,300
745,2024-09-15,CUST668,Male,28,Food,3,30,90
746,2024-12-19,CUST758,Female,43,Beauty,2,30,60
747,2024-08-08,CUST490,Male,40,Food,1,30,30
748,2024-05-10,CUST190,Male,31,Electronics,2,100,200
749,2024-07-07,CUST212,Female,52,Sports,3,100,300
750,2024-10-05,CUST775,Female,28,Electronics,3,100,300
751,2024-08-13,CUST503,Female,61,Beauty,4,30,120
752,2024-11-22,CUST685,Female,63,Electronics,4,100,400
753,2024-11-21,CUST150,Male,37,Clothing,1,500,500
754,2024-09-05,CUST278,Male,37,Food,4,20,80
755,2024-08-20,CUST767,Male,25,Food,1,20,20
756,2024-04-29,CUST565,Female,32,Sports,2,100,200
757,2024-05-17,CUST079,Male,56,Electronics,4,50,200
758,2024-05-26,CUST784,Male,57,Beauty,4,20,80
759,2024-01-27,CUST010,Female,34,Food,3,10,30
760,2024-08-24,CUST431,Male,40,Beauty,2,20,40
761,2024-04-29,CUST184,Female,23,Sports,5,100,500
762,2024-05-06,CUST255,Female,49,Clothing,4,200,800
763,2024-11-11,CUST203,Female,62,Food,5,10,50
764,2024-10-05,CUST036,Male,58,Clothing,1,200,200
765,2024-05-09,CUST554,Female,51,Electronics,4,500,2000
766,2024-05-21,CUST714,Female,33,Food,5,10,50
767,2024-07-24,CUST087,Male,36,Beauty,3,30,90
768,2024-05-09,CUST531,Female,21,Food,4,30,120
769,2024-12-27,CUST113,Male,33,Beauty,5,50,250
770,2024-03-11,CUST780,Male,34,Food,5,20,100
771,2024-05-21,CUST496,Male,51,Electronics,2,100,200
772,2024-04-07,CUST730,Male,35,Clothing,4,100,400
773,2024-06-29,CUST244,Female,39,Sports,2,50,100
774,2024-08-19,CUST571,Female,18,Beauty,5,20,100
775,2024-07-26,CUST687,Male,51,Food,5,10,50
776,2024-07-22,CUST451,Male,56,Electronics,4,50,200
777,2024-03-14,CUST465,Female,52,Clothing,1,100,100
778,2024-12-13,CUST775,Male,56,Beauty,3,20,60
779,2024-10-01,CUST276,Male,59,Sports,3,100,300
780,2024-02-04,CUST251,Female,62,Electronics,3,50,150
781,2024-11-29,CUST771,Male,60,Sports,5,50,250
782,2024-03-26,CUST444,Female,42,Electronics,5,100,500
783,2024-04-24,CUST752,Female,55,Clothing,3,200,600
784,2024-06-13,CUST672,Male,38,Food,4,20,80
785,2024-07-17,CUST153,Female,51,Food,4,30,120
786,2024-10-28,CUST160,Male,54,Electronics,4,100,400
787,2024-11-05,CUST052,Female,30,Food,3,20,60
788,2024-10-07,CUST573,Female,46,Food,5,30,150
789,2024-04-10,CUST248,Female,25,Electronics,5,100,500
790,2024-06-25,CUST716,Female,48,Clothing,4,200,800
791,2024-08-18,CUST735,Female,30,Beauty,1,30,30
792,2024-05-14,CUST304,Male,28,Electronics,3,50,150
793,2024-01-17,CUST368,Female,42,Sports,4,200,800
794,2024-03-15,CUST208,Female,47,Food,5,20,100
795,2024-09-26,CUST295,Male,26,Food,5,10,50
796,2024-10-29,CUST486,Female,50,Electronics,4,100,400
797,2024-11-02,CUST481,Male,62,Beauty,1,30,30
798,2024-07-25,CUST628,Female,27,Clothing,3,500,1500
799,2024-10-29,CUST522,Male,37,Beauty,3,50,150
800,2024-01-08,CUST034,Female,48,Clothing,3,500,1500
801,2024-04-10,CUST109,Female,46,Clothing,5,200,1000
802,2024-04-19,CUST141,Male,55,Sports,4,100,400
803,2024-02-18,CUST408,Female,32,Food,4,20,80
804,2024-04-28,CUST754,Male,18,Sports,2,50,100
805,2024-12-02,CUST083,Male,41,Clothing,2,500,1000
806,2024-11-20,CUST223,Female,35,Beauty,4,30,120
807,2024-08-18,CUST248,Female,40,Sports,1,200,200
808,2024-11-14,CUST780,Female,18,Food,2,10,20
809,2024-05-07,CUST344,Female,50,Clothing,3,200,600
810,2024-08-08,CUST788,Female,34,Food,1,30,30
811,2024-08-30,CUST626,Male,57,Beauty,3,20,60
812,2024-03-21,CUST169,Female,51,Food,3,30,90
813,2024-07-21,CUST331,Male,31,Clothing,5,200,1000
814,2024-09-26,CUST473,Female,56,Beauty,4,20,80
815,2024-07-16,CUST673,Male,27,Sports,5,200,1000
816,2024-07-04,CUST729,Male,41,Clothing,4,100,400
817,2024-06-08,CUST410,Female,30,Clothing,5,500,2500
818,2024-06-10,CUST109,Male,62,Beauty,4,30,120
819,2024-05-29,CUST509,Male,37,Clothing,2,200,400
820,2024-08-16,CUST135,Female,20,Clothing,2,100,200
821,2024-05-08,CUST672,Male,56,Electronics,5,100,500
822,2024-03-03,CUST589,Male,31,Sports,5,50,250
823,2024-05-11,CUST420,Female,18,Sports,4,50,200
824,2024-10-08,CUST591,Female,24,Clothing,4,100,400
825,2024-04-11,CUST414,Male,46,Sports,2,100,200
826,2024-12-28,CUST441,Male,21,Clothing,5,100,500
827,2024-09-11,CUST408,Female,27,Food,5,30,150
828,2024-07-30,CUST403,Female,46,Beauty,2,30,60
829,2024-06-20,CUST230,Male,25,Beauty,5,20,100
830,2024-07-03,CUST278,Female,31,Beauty,4,50,200
831,2024-08-26,CUST717,Female,53,Beauty,2,50,100
832,2024-08-08,CUST456,Male,22,Food,1,10,10
833,2024-04-09,CUST502,Female,45,Sports,3,100,300
834,2024-08-05,CUST291,Male,61,Electronics,3,500,1500
835,2024-05-06,CUST365,Male,19,Beauty,3,50,150
836,2024-10-31,CUST513,Male,45,Electronics,5,100,500
837,2024-06-11,CUST269,Male,23,Food,4,10,40
838,2024-08-25,CUST269,Female,18,Food,4,30,120
839,2024-11-15,CUST309,Male,20,Electronics,1,30,30
840,2024-12-24,CUST064,Male,32,Food,5,30,150
841,2024-02-18,CUST098,Male,50,Beauty,1,30,30
842,2024-11-16,CUST495,Male,42,Clothing,4,500,2000
843,2024-08-22,CUST198,Male,40,Sports,5,100,500
844,2024-02-10,CUST600,Female,45,Sports,2,100,200
845,2024-07-06,CUST170,Male,63,Electronics,3,30,90
846,2024-05-14,CUST632,Male,35,Food,4,30,120
847,2024-03-22,CUST548,Female,52,Food,5,20,100
848,2024-06-18,CUST028,Male,34,Sports,2,100,200
849,2024-10-28,CUST588,Female,20,Beauty,3,50,150
850,2024-08-14,CUST527,Male,26,Food,5,30,150
851,2024-08-21,CUST166,Male,44,Electronics,5,50,250
852,2024-10-06,CUST214,Female,39,Food,2,20,40
853,2024-09-13,CUST171,Male,31,Electronics,3,50,150
854,2024-11-15,CUST784,Female,27,Beauty,4,20,80
855,2024-04-11,CUST295,Female,29,Beauty,2,30,60
856,2024-01-10,CUST557,Male,48,Electronics,1,50,50
857,2024-07-01,CUST733,Male,30,Sports,1,100,100
858,2024-12-30,CUST169,Female,56,Food,5,10,50
859,2024-01-28,CUST277,Female,30,Food,4,30,120
860,2024-02-22,CUST722,Female,37,Electronics,2,500,1000
861,2024-09-28,CUST277,Male,39,Beauty,2,30,60
862,2024-03-06,CUST253,Female,62,Food,5,30,150
863,2024-12-01,CUST496,Female,48,Food,3,20,60
864,2024-01-26,CUST629,Male,61,Sports,5,200,1000
865,2024-12-17,CUST664,Male,60,Beauty,3,50,150
866,2024-08-03,CUST545,Female,56,Clothing,3,200,600
867,2024-07-28,CUST700,Male,42,Clothing,4,100,400
868,2024-08-18,CUST775,Male,34,Electronics,3,30,90
869,2024-02-12,CUST231,Male,26,Food,1,30,30
870,2024-03-06,CUST170,Male,55,Clothing,4,100,400
871,2024-11-28,CUST213,Male,18,Clothing,4,100,400
872,2024-06-14,CUST089,Female,32,Beauty,4,50,200
873,2024-10-25,CUST066,Male,52,Clothing,5,200,1000
874,2024-07-15,CUST197,Male,20,Sports,5,50,250
875,2024-08-04,CUST589,Female,21,Sports,3,200,600
876,2024-10-23,CUST378,Female,61,Food,4,10,40
877,2024-08-16,CUST178,Male,20,Sports,3,200,600
878,2024-11-19,CUST634,Male,52,Beauty,2,30,60
879,2024-10-18,CUST330,Female,26,Clothing,5,100,500
880,2024-10-23,CUST424,Male,36,Sports,3,50,150
881,2024-06-27,CUST286,Female,22,Beauty,1,20,20
882,2024-07-01,CUST231,Male,31,Electronics,1,500,500
883,2024-04-17,CUST769,Male,58,Electronics,3,50,150
884,2024-03-16,CUST281,Female,38,Beauty,1,50,50
885,2024-04-04,CUST269,Female,47,Beauty,5,20,100
886,2024-05-28,CUST442,Female,53,Electronics,1,30,30
887,2024-09-24,CUST605,Male,42,Sports,4,200,800
888,2024-06-26,CUST211,Female,51,Sports,4,100,400
889,2024-06-30,CUST372,Female,25,Clothing,1,100,100
890,2024-01-10,CUST159,Male,28,Beauty,3,20,60
891,2024-05-29,CUST444,Female,37,Food,2,30,60
892,2024-01-11,CUST720,Male,29,Electronics,1,30,30
893,2024-12-04,CUST790,Female,56,Food,4,10,40
894,2024-02-23,CUST197,Male,19,Beauty,5,20,100
895,2024-04-12,CUST392,Male,42,Sports,3,100,300
896,2024-08-13,CUST423,Female,28,Electronics,5,30,150
897,2024-01-11,CUST169,Male,23,Electronics,1,500,500
898,2024-04-19,CUST745,Female,36,Clothing,2,100,200
899,2024-10-14,CUST217,Female,33,Sports,2,200,400
900,2024-10-28,CUST373,Female,23,Clothing,1,500,500
901,2024-01-10,CUST383,Male,46,Sports,3,100,300
902,2024-03-18,CUST246,Male,51,Clothing,4,500,2000
903,2024-08-10,CUST007,Female,18,Beauty,4,30,120
904,2024-02-16,CUST713,Male,44,Electronics,1,100,100
905,2024-10-19,CUST041,Female,19,Electronics,2,100,200
906,2024-04-14,CUST760,Male,51,Sports,1,100,100
907,2024-03-16,CUST270,Male,37,Food,4,30,120
908,2024-11-03,CUST163,Female,25,Electronics,3,50,150
909,2024-01-13,CUST350,Female,53,Beauty,1,50,50
910,2024-12-16,CUST296,Male,28,Clothing,4,100,400
911,2024-04-09,CUST059,Female,26,Electronics,4,30,120
912,2024-11-23,CUST040,Male,29,Clothing,4,500,2000
913,2024-08-08,CUST278,Female,41,Food,4,10,40
914,2024-05-03,CUST281,Male,19,Food,1,30,30
915,2024-04-25,CUST592,Female,26,Beauty,1,50,50
916,2024-12-10,CUST211,Female,51,Food,5,10,50
917,2024-03-21,CUST258,Male,21,Beauty,3,50,150
918,2024-02-21,CUST548,Female,30,Clothing,5,200,1000
919,2024-03-23,CUST588,Female,43,Beauty,2,20,40
920,2024-09-29,CUST387,Male,60,Beauty,2,20,40
921,2024-06-19,CUST634,Male,53,Clothing,1,500,500
922,2024-03-28,CUST321,Female,38,Electronics,5,100,500
923,2024-09-28,CUST759,Male,53,Sports,5,100,500
924,2024-11-22,CUST785,Female,42,Beauty,2,50,100
925,2024-09-18,CUST636,Female,36,Sports,2,50,100
926,2024-08-07,CUST041,Male,58,Beauty,4,20,80
927,2024-01-23,CUST622,Female,19,Sports,5,100,500
928,2024-11-07,CUST679,Female,54,Beauty,4,30,120
929,2024-04-01,CUST108,Female,20,Food,4,30,120
930,2024-02-14,CUST474,Female,36,Electronics,2,50,100
931,2024-06-24,CUST565,Male,63,Electronics,5,500,2500
932,2024-08-17,CUST086,Female,42,Food,2,20,40
933,2024-05-31,CUST006,Male,64,Sports,4,100,400
934,2024-10-29,CUST794,Female,22,Beauty,2,50,100
935,2024-03-13,CUST058,Female,33,Food,3,10,30
936,2024-06-12,CUST350,Male,55,Electronics,2,30,60
937,2024-09-12,CUST494,Male,41,Electronics,5,30,150
938,2024-11-19,CUST085,Female,62,Sports,3,50,150
939,2024-05-26,CUST585,Female,21,Beauty,5,20,100
940,2024-04-28,CUST579,Female,19,Beauty,5,30,150
941,2024-04-16,CUST046,Male,64,Sports,5,100,500
942,2024-08-20,CUST710,Female,46,Electronics,1,30,30
943,2024-08-31,CUST415,Male,62,Sports,2,200,400
944,2024-07-03,CUST536,Male,58,Clothing,3,100,300
945,2024-06-26,CUST618,Female,36,Clothing,4,200,800
946,2024-02-18,CUST153,Male,30,Beauty,2,50,100
947,2024-03-31,CUST440,Female,47,Clothing,3,100,300
948,2024-06-05,CUST112,Male,59,Clothing,5,500,2500
949,2024-03-14,CUST760,Female,58,Clothing,5,500,2500
950,2024-01-11,CUST653,Male,62,Electronics,3,50,150
951,2024-01-26,CUST506,Female,57,Sports,5,200,1000
952,2024-09-01,CUST170,Female,37,Beauty,1,50,50
953,2024-04-08,CUST703,Male,55,Beauty,5,50,250
954,2024-07-29,CUST476,Male,58,Electronics,2,30,60
955,2024-07-07,CUST037,Male,48,Beauty,2,50,100
956,2024-04-26,CUST617,Male,37,Sports,1,100,100
957,2024-04-30,CUST747,Female,51,Food,1,30,30
958,2024-03-05,CUST697,Male,20,Sports,3,100,300
959,2024-01-01,CUST167,Male,34,Sports,2,50,100
960,2024-11-24,CUST716,Male,41,Sports,3,50,150
961,2024-12-18,CUST435,Male,51,Beauty,1,50,50
962,2024-10-13,CUST025,Male,32,Electronics,2,100,200
963,2024-09-23,CUST214,Female,27,Clothing,4,500,2000
964,2024-12-05,CUST467,Female,56,Sports,3,200,600
965,2024-12-23,CUST400,Female,59,Beauty,3,30,90
966,2024-03-15,CUST318,Female,45,Sports,3,100,300
967,2024-04-29,CUST514,Male,29,Electronics,2,500,1000
968,2024-12-28,CUST625,Female,54,Food,3,30,90
969,2024-09-03,CUST442,Female,33,Sports,2,50,100
970,2024-02-02,CUST353,Male,23,Electronics,3,500,1500
971,2024-05-31,CUST754,Male,18,Clothing,5,500,2500
972,2024-06-27,CUST362,Male,49,Clothing,3,100,300
973,2024-04-10,CUST350,Male,44,Food,4,10,40
974,2024-06-21,CUST600,Male,42,Food,5,10,50
975,2024-07-14,CUST715,Male,64,Electronics,3,100,300
976,2024-07-12,CUST502,Female,33,Beauty,5,30,150
977,2024-10-10,CUST485,Male,59,Food,5,30,150
978,2024-05-28,CUST625,Male,24,Electronics,5,30,150
979,2024-06-05,CUST601,Male,56,Sports,5,50,250
980,2024-10-10,CUST076,Female,29,Clothing,2,100,200
981,2024-05-18,CUST170,Female,20,Electronics,1,100,100
982,2024-02-17,CUST112,Male,27,Electronics,2,100,200
983,2024-02-26,CUST364,Female,25,Beauty,5,50,250
984,2024-05-14,CUST121,Male,28,Clothing,5,100,500
985,2024-11-21,CUST795,Male,58,Beauty,3,20,60
986,2024-10-01,CUST187,Male,61,Clothing,2,500,1000
987,2024-04-09,CUST797,Male,47,Beauty,2,50,100
988,2024-09-24,CUST642,Female,60,Electronics,3,500,1500
989,2024-10-13,CUST719,Female,39,Beauty,1,30,30
990,2024-09-17,CUST698,Male,45,Sports,1,100,100
991,2024-03-30,CUST061,Male,61,Clothing,2,200,400
992,2024-08-12,CUST009,Female,24,Beauty,4,20,80
993,2024-03-07,CUST266,Female,37,Beauty,4,50,200
994,2024-06-02,CUST463,Female,51,Beauty,5,20,100
995,2024-04-06,CUST266,Male,36,Beauty,2,30,60
996,2024-08-28,CUST488,Male,61,Sports,4,100,400
997,2024-01-05,CUST008,Female,60,Food,4,10,40
998,2024-06-05,CUST715,Female,46,Sports,3,50,150
999,2024-10-15,CUST331,Male,45,Sports,3,100,300
1000,2024-12-08,CUST435,Male,35,Food,4,20,80
1001,2024-04-05,CUST399,Male,49,Clothing,3,100,300
1002,2024-01-12,CUST007,Female,24,Clothing,1,100,100
1003,2024-07-11,CUST677,Male,27,Electronics,5,500,2500
1004,2024-11-11,CUST596,Male,28,Sports,5,200,1000
1005,2024-04-10,CUST070,Male,31,Sports,5,200,1000
1006,2024-09-07,CUST296,Female,18,Beauty,2,30,60
1007,2024-11-02,CUST597,Female,58,Beauty,4,50,200
1008,2024-09-08,CUST187,Female,20,Clothing,5,100,500
1009,2024-05-05,CUST161,Female,62,Electronics,2,100,200
1010,2024-05-29,CUST667,Male,63,Beauty,2,20,40
1011,2024-09-14,CUST157,Male,25,Sports,1,100,100
1012,2024-12-28,CUST762,Male,23,Sports,2,100,200
1013,2024-07-13,CUST788,Female,59,Clothing,4,500,2000
1014,2024-03-10,CUST304,Male,41,Electronics,3,50,150
1015,2024-09-13,CUST584,Female,21,Beauty,2,50,100
1016,2024-04-17,CUST640,Female,61,Electronics,4,500,2000
1017,2024-09-25,CUST116,Male,25,Sports,5,50,250
1018,2024-05-08,CUST739,Female,55,Electronics,2,50,100
1019,2024-09-05,CUST210,Male,39,Beauty,5,30,150
1020,2024-02-17,CUST142,Female,61,Beauty,4,50,200
1021,2024-01-31,CUST583,Female,61,Sports,1,100,100
1022,2024-02-24,CUST421,Female,58,Food,3,10,30
1023,2024-03-16,CUST312,Female,30,Electronics,2,30,60
1024,2024-07-29,CUST359,Female,38,Clothing,3,200,600
1025,2024-09-26,CUST089,Male,27,Electronics,3,30,90
1026,2024-02-15,CUST358,Male,41,Clothing,2,100,200
1027,2024-04-16,CUST670,Male,49,Clothing,1,100,100
1028,2024-12-25,CUST652,Female,62,Food,4,10,40
1029,2024-07-25,CUST554,Female,56,Food,4,30,120
1030,2024-12-01,CUST705,Female,30,Sports,5,50,250
1031,2024-01-25,CUST194,Female,19,Electronics,5,500,2500
1032,2024-03-27,CUST481,Female,38,Electronics,2,50,100
1033,2024-06-16,CUST539,Female,64,Beauty,5,30,150
1034,2024-06-28,CUST502,Male,26,Clothing,1,100,100
1035,2024-03-24,CUST686,Male,49,Food,4,20,80
1036,2024-05-01,CUST693,Female,26,Beauty,2,20,40
1037,2024-07-21,CUST150,Male,44,Sports,2,200,400
1038,2024-05-22,CUST413,Male,60,Clothing,3,200,600
1039,2024-11-08,CUST019,Female,23,Food,3,10,30
1040,2024-02-20,CUST612,Female,55,Sports,5,50,250
1041,2024-02-21,CUST019,Male,50,Food,1,20,20
1042,2024-01-01,CUST633,Male,38,Clothing,4,200,800
1043,2024-05-04,CUST227,Male,28,Clothing,2,500,1000
1044,2024-10-07,CUST249,Male,60,Sports,3,50,150
1045,2024-04-25,CUST514,Female,29,Food,5,10,50
1046,2024-01-11,CUST260,Male,38,Electronics,2,30,60
1047,2024-07-01,CUST142,Female,57,Electronics,4,500,2000
1048,2024-03-08,CUST128,Male,35,Food,2,10,20
1049,2024-11-23,CUST144,Male,46,Beauty,2,20,40
1050,2024-02-07,CUST311,Female,37,Beauty,2,50,100
1051,2024-05-12,CUST251,Female,24,Beauty,1,20,20
1052,2024-05-01,CUST605,Female,40,Beauty,3,30,90
1053,2024-09-13,CUST123,Male,61,Electronics,1,50,50
1054,2024-02-07,CUST600,Male,54,Beauty,3,30,90
1055,2024-01-30,CUST551,Female,50,Electronics,5,30,150
1056,2024-03-14,CUST682,Male,41,Sports,5,50,250
1057,2024-03-09,CUST230,Male,36,Sports,5,100,500
1058,2024-12-16,CUST054,Female,59,Clothing,2,200,400
1059,2024-02-07,CUST021,Male,58,Clothing,3,200,600
1060,2024-05-23,CUST791,Female,61,Food,3,20,60
1061,2024-06-20,CUST578,Male,58,Sports,2,200,400
1062,2024-01-15,CUST309,Female,48,Beauty,3,30,90
1063,2024-05-13,CUST181,Female,30,Electronics,2,500,1000
1064,2024-06-29,CUST699,Male,23,Electronics,5,50,250
1065,2024-09-01,CUST062,Female,30,Electronics,2,100,200
1066,2024-08-19,CUST101,Female,32,Sports,5,200,1000
1067,2024-09-30,CUST274,Female,25,Sports,5,200,1000
1068,2024-07-21,CUST664,Male,24,Food,1,10,10
1069,2024-07-27,CUST679,Female,43,Sports,3,50,150
1070,2024-04-19,CUST135,Male,52,Clothing,2,200,400
1071,2024-02-20,CUST148,Male,37,Food,5,20,100
1072,2024-07-17,CUST174,Female,62,Beauty,5,30,150
1073,2024-02-01,CUST239,Male,62,Food,5,30,150
1074,2024-08-26,CUST620,Male,48,Sports,1,100,100
1075,2024-12-16,CUST005,Female,52,Food,2,20,40
1076,2024-10-04,CUST417,Female,30,Sports,4,200,800
1077,2024-09-22,CUST773,Male,39,Food,3,20,60
1078,2024-04-05,CUST225,Male,19,Electronics,4,500,2000
1079,2024-03-07,CUST558,Female,50,Clothing,3,500,1500
1080,2024-07-26,CUST740,Female,24,Sports,5,50,250
1081,2024-10-28,CUST704,Male,22,Beauty,4,50,200
1082,2024-04-01,CUST796,Male,47,Sports,5,200,1000
1083,2024-01-05,CUST078,Male,34,Sports,4,50,200
1084,2024-12-15,CUST465,Male,46,Sports,5,50,250
1085,2024-06-06,CUST118,Male,31,Food,3,10,30
1086,2024-12-28,CUST609,Female,39,Clothing,2,500,1000
1087,2024-11-09,CUST762,Female,42,Clothing,5,100,500
1088,2024-03-18,CUST591,Female,44,Beauty,2,30,60
1089,2024-09-05,CUST154,Female,35,Electronics,3,500,1500
1090,2024-09-15,CUST453,Female,32,Food,4,10,40
1091,2024-10-23,CUST132,Male,43,Electronics,5,50,250
1092,2024-11-19,CUST479,Female,32,Food,3,30,90
1093,2024-10-23,CUST084,Female,50,Sports,1,100,100
1094,2024-04-20,CUST781,Female,52,Food,3,30,90
1095,2024-09-28,CUST785,Male,27,Electronics,5,100,500
1096,2024-09-04,CUST224,Male,60,Clothing,1,200,200
1097,2024-08-07,CUST581,Male,42,Food,4,30,120
1098,2024-10-10,CUST596,Male,28,Clothing,4,100,400
1099,2024-09-20,CUST622,Male,38,Beauty,4,50,200
1100,2024-07-24,CUST500,Male,29,Clothing,4,100,400
1101,2024-02-01,CUST426,Female,26,Sports,3,100,300
1102,2024-08-27,CUST136,Female,26,Sports,4,200,800
1103,2024-09-10,CUST732,Female,56,Clothing,3,200,600
1104,2024-02-17,CUST298,Male,58,Beauty,1,30,30
1105,2024-05-21,CUST429,Male,18,Clothing,1,500,500
1106,2024-01-29,CUST578,Male,33,Food,5,30,150
1107,2024-01-30,CUST183,Female,24,Sports,4,100,400
1108,2024-03-11,CUST708,Male,34,Clothing,5,500,2500
1109,2024-04-14,CUST102,Female,35,Electronics,5,50,250
1110,2024-07-08,CUST364,Male,59,Clothing,3,200,600
1111,2024-08-15,CUST305,Female,29,Sports,1,200,200
1112,2024-11-04,CUST207,Female,64,Electronics,5,30,150
1113,2024-04-25,CUST192,Female,64,Beauty,1,30,30
1114,2024-09-13,CUST663,Female,44,Clothing,4,100,400
1115,2024-07-31,CUST319,Female,20,Sports,1,50,50
1116,2024-08-05,CUST429,Female,24,Food,1,10,10
1117,2024-05-05,CUST763,Female,32,Electronics,4,500,2000
1118,2024-03-22,CUST783,Male,54,Sports,3,100,300
1119,2024-11-23,CUST248,Female,40,Electronics,3,500,1500
1120,2024-11-15,CUST757,Male,39,Food,3,10,30
1121,2024-08-09,CUST581,Female,59,Food,4,20,80
1122,2024-01-10,CUST176,Male,63,Food,4,10,40
1123,2024-07-16,CUST465,Male,55,Beauty,5,30,150
1124,2024-02-05,CUST173,Male,33,Beauty,1,30,30
1125,2024-03-09,CUST113,Male,33,Sports,1,100,100
1126,2024-10-13,CUST609,Female,33,Electronics,4,30,120
1127,2024-02-02,CUST113,Male,33,Clothing,4,200,800
1128,2024-07-27,CUST792,Female,63,Food,2,30,60
1129,2024-05-12,CUST548,Male,41,Beauty,4,20,80
1130,2024-05-19,CUST242,Male,46,Food,3,20,60
1131,2024-11-03,CUST236,Male,20,Sports,2,50,100
1132,2024-04-20,CUST595,Male,64,Sports,3,50,150
1133,2024-11-02,CUST304,Female,40,Food,4,10,40
1134,2024-05-21,CUST218,Male,61,Electronics,4,500,2000
1135,2024-05-09,CUST070,Male,32,Food,5,10,50
1136,2024-10-03,CUST619,Male,55,Food,2,10,20
1137,2024-04-16,CUST240,Female,52,Electronics,3,30,90
1138,2024-01-20,CUST126,Female,64,Beauty,3,30,90
1139,2024-10-18,CUST438,Female,56,Sports,5,100,500
1140,2024-12-29,CUST432,Male,27,Beauty,3,30,90
1141,2024-06-08,CUST738,Female,26,Beauty,4,20,80
1142,2024-09-12,CUST436,Male,25,Sports,3,200,600
1143,2024-05-02,CUST019,Female,22,Clothing,5,500,2500
1144,2024-04-01,CUST445,Female,64,Electronics,3,500,1500
1145,2024-05-20,CUST338,Male,27,Electronics,2,500,1000
1146,2024-03-04,CUST612,Male,45,Sports,1,50,50
1147,2024-08-03,CUST027,Female,61,Electronics,1,500,500
1148,2024-11-22,CUST031,Male,40,Food,4,10,40
1149,2024-01-09,CUST010,Male,21,Sports,5,100,500
1150,2024-05-06,CUST474,Male,28,Sports,5,100,500
1151,2024-07-20,CUST379,Female,39,Beauty,5,50,250
1152,2024-11-06,CUST509,Female,46,Electronics,4,500,2000
1153,2024-10-19,CUST697,Male,22,Sports,1,200,200
1154,2024-03-16,CUST658,Male,35,Clothing,4,500,2000
1155,2024-07-09,CUST283,Female,30,Electronics,2,50,100
1156,2024-06-24,CUST222,Female,26,Beauty,1,30,30
1157,2024-09-19,CUST089,Male,23,Food,5,10,50
1158,2024-06-22,CUST567,Female,42,Clothing,1,100,100
1159,2024-06-10,CUST264,Female,27,Beauty,3,30,90
1160,2024-02-24,CUST591,Male,42,Sports,5,100,500
1161,2024-06-22,CUST609,Male,19,Electronics,4,50,200
1162,2024-01-03,CUST144,Female,21,Sports,2,200,400
1163,2024-01-09,CUST045,Male,25,Beauty,4,30,120
1164,2024-03-25,CUST757,Male,57,Clothing,5,200,1000
1165,2024-06-17,CUST695,Male,28,Sports,5,200,1000
1166,2024-08-03,CUST792,Male,64,Electronics,2,500,1000
1167,2024-01-27,CUST504,Male,33,Clothing,1,100,100
1168,2024-01-29,CUST377,Male,54,Food,2,20,40
1169,2024-11-23,CUST292,Male,35,Sports,1,100,100
1170,2024-07-22,CUST387,Male,31,Beauty,5,50,250
1171,2024-04-15,CUST029,Male,24,Food,5,20,100
1172,2024-06-13,CUST631,Male,35,Clothing,1,500,500
1173,2024-02-23,CUST761,Female,42,Beauty,3,20,60
1174,2024-06-14,CUST510,Male,20,Sports,5,200,1000
1175,2024-08-20,CUST593,Male,31,Food,3,10,30
1176,2024-09-07,CUST084,Male,58,Food,1,20,20
1177,2024-04-28,CUST778,Female,18,Clothing,3,500,1500
1178,2024-08-02,CUST244,Male,29,Beauty,1,50,50
1179,2024-08-14,CUST368,Female,51,Beauty,5,20,100
1180,2024-07-07,CUST729,Male,52,Sports,3,200,600
1181,2024-01-05,CUST164,Female,35,Beauty,1,50,50
1182,2024-05-05,CUST735,Male,26,Sports,4,50,200
1183,2024-03-19,CUST125,Male,43,Beauty,4,20,80
1184,2024-01-22,CUST212,Male,42,Clothing,3,500,1500
1185,2024-05-16,CUST089,Female,38,Clothing,3,500,1500
1186,2024-01-05,CUST158,Female,40,Food,1,10,10
1187,2024-11-20,CUST497,Male,31,Beauty,1,20,20
1188,2024-08-06,CUST551,Male,35,Beauty,1,50,50
1189,2024-03-12,CUST423,Male,38,Electronics,1,30,30
1190,2024-04-30,CUST761,Male,52,Clothing,1,200,200
1191,2024-01-03,CUST081,Male,61,Sports,2,200,400
1192,2024-09-15,CUST618,Female,51,Electronics,2,50,100
1193,2024-03-24,CUST090,Female,59,Clothing,5,100,500
1194,2024-08-29,CUST025,Male,28,Beauty,3,20,60
1195,2024-03-23,CUST482,Male,18,Sports,4,50,200
1196,2024-01-31,CUST091,Female,37,Electronics,3,100,300
1197,2024-02-19,CUST302,Male,48,Beauty,5,50,250
1198,2024-07-27,CUST151,Male,50,Clothing,5,100,500
1199,2024-04-09,CUST481,Female,47,Food,5,10,50
1200,2024-06-24,CUST124,Male,38,Clothing,5,500,2500
1201,2024-04-25,CUST223,Female,19,Beauty,4,50,200
1202,2024-01-13,CUST732,Female,34,Clothing,1,200,200
1203,2024-09-04,CUST615,Female,39,Electronics,3,30,90
1204,2024-05-22,CUST109,Female,33,Food,5,30,150
1205,2024-05-16,CUST755,Female,25,Sports,5,50,250
1206,2024-11-04,CUST404,Female,39,Electronics,2,500,1000
1207,2024-05-18,CUST047,Female,25,Clothing,5,500,2500
1208,2024-06-04,CUST689,Male,61,Sports,3,50,150
1209,2024-07-17,CUST551,Male,18,Beauty,1,30,30
1210,2024-01-18,CUST662,Male,53,Food,3,30,90
1211,2024-08-07,CUST247,Male,59,Electronics,5,500,2500
1212,2024-06-01,CUST695,Male,19,Electronics,1,30,30
1213,2024-10-07,CUST473,Male,27,Electronics,2,500,1000
1214,2024-11-03,CUST312,Female,43,Electronics,5,30,150
1215,2024-12-25,CUST126,Male,23,Food,1,20,20
1216,2024-06-24,CUST143,Female,60,Beauty,5,50,250
1217,2024-10-20,CUST621,Male,60,Sports,4,50,200
1218,2024-01-04,CUST350,Female,30,Sports,5,200,1000
1219,2024-09-13,CUST156,Female,24,Clothing,4,200,800
1220,2024-02-10,CUST492,Male,23,Sports,4,50,200
1221,2024-10-14,CUST503,Male,51,Clothing,5,500,2500
1222,2024-06-05,CUST668,Female,48,Beauty,3,30,90
1223,2024-09-04,CUST555,Female,37,Electronics,4,50,200
1224,2024-06-10,CUST648,Female,62,Electronics,5,500,2500
1225,2024-04-30,CUST790,Male,23,Food,1,10,10
1226,2024-02-14,CUST402,Female,49,Sports,1,50,50
1227,2024-09-10,CUST675,Female,35,Beauty,3,30,90
1228,2024-12-12,CUST152,Female,51,Food,2,30,60
1229,2024-08-31,CUST577,Female,44,Clothing,1,500,500
1230,2024-06-05,CUST013,Female,48,Food,3,10,30
1231,2024-11-26,CUST138,Female,64,Beauty,3,50,150
1232,2024-11-24,CUST032,Male,31,Beauty,5,20,100
1233,2024-02-24,CUST224,Female,38,Clothing,4,100,400
1234,2024-03-18,CUST663,Female,55,Sports,4,200,800
1235,2024-04-19,CUST162,Female,62,Food,1,30,30
1236,2024-08-19,CUST362,Male,53,Electronics,3,100,300
1237,2024-10-25,CUST309,Male,25,Food,5,10,50
1238,2024-11-24,CUST320,Male,61,Clothing,1,200,200
1239,2024-02-13,CUST297,Female,50,Electronics,4,30,120
1240,2024-08-18,CUST113,Female,27,Clothing,2,100,200
1241,2024-07-07,CUST315,Female,60,Food,3,20,60
1242,2024-09-28,CUST065,Female,33,Sports,3,100,300
1243,2024-11-12,CUST100,Female,18,Food,2,10,20
1244,2024-09-30,CUST214,Female,44,Beauty,5,20,100
1245,2024-09-27,CUST534,Female,47,Beauty,5,30,150
1246,2024-01-20,CUST626,Female,49,Beauty,2,20,40
1247,2024-03-19,CUST304,Male,64,Beauty,4,20,80
1248,2024-03-29,CUST570,Female,46,Clothing,2,100,200
1249,2024-04-06,CUST354,Male,18,Electronics,3,30,90
1250,2024-12-24,CUST014,Female,35,Food,3,10,30
1251,2024-07-12,CUST376,Male,37,Electronics,5,100,500
1252,2024-04-19,CUST144,Male,41,Beauty,1,20,20
1253,2024-01-20,CUST024,Female,50,Electronics,4,50,200
1254,2024-10-24,CUST728,Male,24,Clothing,4,500,2000
1255,2024-05-09,CUST090,Female,62,Food,1,20,20
1256,2024-06-09,CUST408,Male,19,Food,2,10,20
1257,2024-01-06,CUST548,Female,27,Clothing,2,100,200
1258,2024-05-06,CUST171,Female,42,Sports,4,50,200
1259,2024-10-19,CUST138,Female,44,Beauty,1,50,50
1260,2024-07-10,CUST781,Male,20,Electronics,5,500,2500
1261,2024-08-26,CUST353,Female,48,Beauty,5,20,100
1262,2024-05-31,CUST299,Female,29,Beauty,4,50,200
1263,2024-05-07,CUST500,Male,29,Beauty,4,20,80
1264,2024-07-04,CUST499,Female,37,Sports,2,100,200
1265,2024-09-07,CUST552,Female,59,Clothing,4,200,800
1266,2024-09-01,CUST580,Female,49,Clothing,2,500,1000
1267,2024-06-15,CUST336,Male,41,Sports,5,200,1000
1268,2024-06-18,CUST570,Male,57,Food,4,20,80
1269,2024-08-15,CUST206,Male,22,Food,5,10,50
1270,2024-01-17,CUST757,Female,43,Clothing,5,200,1000
1271,2024-08-09,CUST101,Female,51,Electronics,5,100,500
1272,2024-02-07,CUST326,Male,36,Sports,1,50,50
1273,2024-11-06,CUST578,Male,24,Electronics,2,30,60
1274,2024-08-01,CUST707,Female,63,Food,5,10,50
1275,2024-09-04,CUST692,Female,46,Sports,1,50,50
1276,2024-12-23,CUST066,Female,46,Electronics,2,30,60
1277,2024-04-24,CUST716,Female,22,Food,4,20,80
1278,2024-03-10,CUST583,Male,40,Clothing,4,100,400
1279,2024-04-26,CUST209,Male,58,Electronics,3,30,90
1280,2024-04-19,CUST340,Male,62,Electronics,5,100,500
1281,2024-08-17,CUST486,Female,45,Food,1,30,30
1282,2024-07-30,CUST419,Female,19,Beauty,5,50,250
1283,2024-05-01,CUST633,Male,43,Sports,1,200,200
1284,2024-02-14,CUST219,Male,39,Sports,3,100,300
1285,2024-07-23,CUST240,Male,41,Electronics,4,500,2000
1286,2024-05-09,CUST682,Female,29,Electronics,3,50,150
1287,2024-01-17,CUST183,Male,44,Electronics,3,500,1500
1288,2024-08-28,CUST151,Male,46,Beauty,5,30,150
1289,2024-10-26,CUST415,Female,46,Food,3,10,30
1290,2024-08-08,CUST727,Male,53,Sports,5,200,1000
1291,2024-09-28,CUST400,Male,36,Beauty,3,30,90
1292,2024-08-11,CUST578,Male,26,Sports,4,200,800
1293,2024-09-07,CUST639,Female,48,Food,1,20,20
1294,2024-02-24,CUST209,Female,22,Sports,4,100,400
1295,2024-12-05,CUST273,Male,39,Electronics,2,50,100
1296,2024-05-09,CUST231,Female,21,Clothing,1,200,200
1297,2024-12-10,CUST394,Female,57,Clothing,5,200,1000
1298,2024-07-21,CUST299,Female,50,Food,4,20,80
1299,2024-08-06,CUST311,Male,19,Clothing,2,200,400
1300,2024-03-31,CUST502,Male,25,Food,1,10,10
1301,2024-07-29,CUST377,Male,42,Food,1,10,10
1302,2024-05-31,CUST203,Male,24,Food,3,10,30
1303,2024-02-15,CUST720,Female,51,Clothing,5,500,2500
1304,2024-07-25,CUST467,Male,31,Sports,5,100,500
1305,2024-07-13,CUST211,Female,21,Clothing,5,500,2500
1306,2024-12-30,CUST401,Female,47,Clothing,1,500,500
1307,2024-06-01,CUST601,Female,36,Clothing,3,200,600
1308,2024-02-14,CUST202,Female,51,Food,1,30,30
1309,2024-09-10,CUST015,Female,34,Electronics,5,100,500
1310,2024-10-18,CUST425,Male,58,Clothing,5,100,500
1311,2024-07-31,CUST496,Female,37,Food,2,20,40
1312,2024-08-14,CUST216,Female,55,Food,3,20,60
1313,2024-10-10,CUST040,Female,47,Beauty,2,20,40
1314,2024-08-10,CUST156,Male,37,Electronics,3,30,90
1315,2024-02-14,CUST733,Male,52,Sports,5,50,250
1316,2024-01-02,CUST048,Male,23,Clothing,5,200,1000
1317,2024-12-14,CUST665,Male,42,Sports,2,200,400
1318,2024-08-09,CUST781,Female,41,Clothing,2,200,400
1319,2024-10-28,CUST601,Male,59,Sports,3,200,600
1320,2024-03-03,CUST693,Female,21,Sports,5,50,250
1321,2024-09-01,CUST693,Male,59,Clothing,4,500,2000
1322,2024-05-23,CUST361,Female,23,Sports,1,50,50
1323,2024-06-24,CUST495,Male,57,Food,1,30,30
1324,2024-07-09,CUST672,Male,34,Beauty,2,20,40
1325,2024-12-25,CUST487,Male,23,Electronics,4,50,200
1326,2024-11-09,CUST037,Male,20,Food,1,10,10
1327,2024-05-02,CUST142,Female,36,Beauty,2,30,60
1328,2024-09-15,CUST350,Male,20,Electronics,3,50,150
1329,2024-04-09,CUST180,Male,30,Food,4,20,80
1330,2024-01-21,CUST511,Female,59,Food,1,10,10
1331,2024-01-15,CUST481,Female,44,Sports,3,50,150
1332,2024-06-08,CUST752,Female,64,Beauty,3,20,60
1333,2024-10-24,CUST626,Female,60,Electronics,5,30,150
1334,2024-09-11,CUST632,Female,22,Sports,2,200,400
1335,2024-03-21,CUST141,Female,63,Beauty,3,20,60
1336,2024-09-26,CUST702,Male,34,Sports,1,50,50
1337,2024-03-29,CUST017,Male,48,Clothing,1,500,500
1338,2024-06-17,CUST718,Male,27,Sports,4,50,200
1339,2024-10-25,CUST653,Female,30,Sports,5,100,500
1340,2024-03-11,CUST606,Female,35,Sports,1,100,100
1341,2024-07-06,CUST648,Male,53,Food,3,30,90
1342,2024-08-10,CUST561,Male,53,Sports,3,100,300
1343,2024-05-04,CUST479,Female,60,Beauty,5,30,150
1344,2024-08-11,CUST109,Male,53,Beauty,5,50,250
1345,2024-05-04,CUST732,Female,32,Food,2,20,40
1346,2024-07-17,CUST587,Male,29,Food,2,30,60
1347,2024-08-02,CUST369,Female,56,Sports,2,200,400
1348,2024-07-25,CUST287,Male,50,Beauty,4,20,80
1349,2024-10-19,CUST666,Male,50,Electronics,4,30,120
1350,2024-04-29,CUST782,Male,58,Sports,1,100,100
1351,2024-03-12,CUST477,Male,33,Food,4,30,120
1352,2024-01-14,CUST748,Female,35,Food,1,20,20
1353,2024-08-29,CUST521,Male,51,Food,5,30,150
1354,2024-08-07,CUST305,Female,24,Electronics,3,30,90
1355,2024-08-11,CUST402,Male,27,Electronics,4,50,200
1356,2024-06-18,CUST527,Male,64,Clothing,4,200,800
1357,2024-09-08,CUST343,Female,24,Beauty,4,30,120
1358,2024-07-27,CUST642,Male,50,Electronics,3,500,1500
1359,2024-01-16,CUST102,Male,45,Clothing,5,200,1000
1360,2024-11-08,CUST780,Female,30,Clothing,2,100,200
1361,2024-09-15,CUST649,Female,27,Food,1,10,10
1362,2024-01-23,CUST686,Female,53,Sports,1,100,100
1363,2024-05-01,CUST308,Female,23,Clothing,4,200,800
1364,2024-10-29,CUST632,Male,26,Clothing,3,500,1500
1365,2024-07-13,CUST146,Male,33,Food,2,30,60
1366,2024-04-10,CUST148,Female,27,Electronics,3,500,1500
1367,2024-04-21,CUST254,Female,43,Clothing,3,500,1500
1368,2024-06-06,CUST596,Male,50,Electronics,1,50,50
1369,2024-05-14,CUST392,Female,38,Beauty,3,30,90
1370,2024-01-02,CUST710,Female,18,Electronics,3,500,1500
1371,2024-07-03,CUST424,Female,58,Sports,4,200,800
1372,2024-05-04,CUST216,Male,51,Beauty,4,20,80
1373,2024-02-01,CUST177,Female,64,Electronics,5,500,2500
1374,2024-03-19,CUST311,Male,31,Food,5,20,100
1375,2024-10-31,CUST718,Female,25,Clothing,2,500,1000
1376,2024-03-09,CUST663,Female,40,Electronics,3,50,150
1377,2024-04-28,CUST455,Female,50,Beauty,4,50,200
1378,2024-10-24,CUST245,Male,63,Electronics,5,100,500
1379,2024-01-20,CUST745,Male,47,Sports,3,200,600
1380,2024-01-23,CUST584,Male,63,Electronics,2,50,100
1381,2024-04-17,CUST587,Male,39,Electronics,4,30,120
1382,2024-02-26,CUST214,Female,54,Beauty,5,30,150
1383,2024-07-25,CUST479,Female,62,Food,5,30,150
1384,2024-07-09,CUST024,Female,59,Sports,1,100,100
1385,2024-06-26,CUST203,Female,61,Electronics,2,30,60
1386,2024-01-17,CUST023,Female,45,Electronics,5,50,250
1387,2024-01-29,CUST193,Female,32,Beauty,1,30,30
1388,2024-01-08,CUST305,Female,45,Food,2,20,40
1389,2024-05-08,CUST697,Male,35,Beauty,3,50,150
1390,2024-07-13,CUST461,Male,18,Electronics,2,30,60
1391,2024-08-21,CUST709,Female,55,Electronics,2,50,100
1392,2024-06-05,CUST016,Female,33,Beauty,4,20,80
1393,2024-05-29,CUST541,Male,31,Food,3,10,30
1394,2024-08-19,CUST307,Male,33,Food,4,30,120
1395,2024-11-16,CUST123,Male,32,Electronics,1,50,50
1396,2024-02-13,CUST290,Female,28,Electronics,4,100,400
1397,2024-06-30,CUST193,Male,18,Electronics,5,500,2500
1398,2024-10-20,CUST333,Female,23,Food,1,10,10
1399,2024-04-07,CUST067,Male,54,Clothing,4,500,2000
1400,2024-09-23,CUST584,Male,36,Sports,1,50,50
1401,2024-10-14,CUST774,Female,32,Beauty,1,50,50
1402,2024-05-24,CUST244,Male,53,Clothing,4,100,400
1403,2024-09-22,CUST378,Female,36,Food,1,30,30
1404,2024-01-07,CUST689,Male,53,Clothing,1,200,200
1405,2024-08-18,CUST161,Female,41,Electronics,1,30,30
1406,2024-10-12,CUST722,Female,24,Electronics,1,50,50
1407,2024-12-22,CUST227,Female,24,Beauty,4,20,80
1408,2024-07-01,CUST709,Male,63,Sports,4,100,400
1409,2024-08-15,CUST617,Female,36,Beauty,2,30,60
1410,2024-05-22,CUST392,Female,19,Clothing,2,200,400
1411,2024-06-15,CUST515,Female,61,Clothing,4,200,800
1412,2024-01-30,CUST609,Female,40,Clothing,2,100,200
1413,2024-02-17,CUST782,Female,33,Beauty,5,30,150
1414,2024-06-08,CUST361,Female,22,Clothing,4,100,400
1415,2024-08-01,CUST402,Male,37,Beauty,1,30,30
1416,2024-07-18,CUST133,Female,35,Clothing,5,200,1000
1417,2024-10-16,CUST024,Male,49,Sports,4,200,800
1418,2024-02-02,CUST493,Female,64,Clothing,1,500,500
1419,2024-03-22,CUST508,Female,24,Electronics,1,500,500
1420,2024-03-05,CUST671,Male,41,Clothing,3,100,300
1421,2024-01-18,CUST177,Male,64,Electronics,2,30,60
1422,2024-06-07,CUST265,Female,48,Sports,3,50,150
1423,2024-01-26,CUST272,Female,51,Clothing,1,500,500
1424,2024-02-16,CUST165,Female,41,Beauty,5,50,250
1425,2024-01-22,CUST362,Male,38,Sports,4,100,400
1426,2024-02-19,CUST038,Male,44,Sports,4,200,800
1427,2024-10-20,CUST400,Female,41,Beauty,2,50,100
1428,2024-11-14,CUST777,Male,61,Clothing,2,500,1000
1429,2024-07-05,CUST722,Male,42,Electronics,2,500,1000
1430,2024-11-16,CUST046,Female,42,Sports,2,100,200
1431,2024-07-01,CUST568,Male,55,Sports,2,100,200
1432,2024-11-27,CUST720,Female,31,Clothing,2,200,400
1433,2024-11-19,CUST574,Female,39,Electronics,5,50,250
1434,2024-01-08,CUST288,Female,49,Clothing,3,100,300
1435,2024-01-08,CUST770,Female,45,Clothing,2,200,400
1436,2024-01-11,CUST370,Female,31,Sports,2,100,200
1437,2024-01-30,CUST328,Female,29,Beauty,4,50,200
1438,2024-12-04,CUST410,Male,64,Beauty,1,20,20
1439,2024-12-30,CUST461,Female,25,Clothing,2,200,400
1440,2024-01-18,CUST528,Male,31,Beauty,4,20,80
1441,2024-04-20,CUST052,Female,39,Electronics,5,500,2500
1442,2024-02-14,CUST087,Male,26,Beauty,4,50,200
1443,2024-05-08,CUST402,Male,25,Food,2,10,20
1444,2024-09-09,CUST269,Female,49,Beauty,3,20,60
1445,2024-04-25,CUST603,Male,47,Clothing,1,200,200
1446,2024-06-10,CUST709,Male,64,Electronics,5,500,2500
1447,2024-04-09,CUST035,Male,31,Electronics,5,100,500
1448,2024-02-28,CUST420,Male,24,Sports,3,50,150
1449,2024-02-21,CUST521,Male,37,Electronics,4,30,120
1450,2024-06-11,CUST134,Female,63,Sports,5,50,250
1451,2024-06-12,CUST581,Male,39,Beauty,1,30,30
1452,2024-06-01,CUST123,Female,25,Clothing,4,500,2000
1453,2024-11-01,CUST552,Female,46,Food,2,20,40
1454,2024-10-11,CUST657,Male,29,Beauty,4,50,200
1455,2024-10-19,CUST609,Female,26,Beauty,5,30,150
1456,2024-09-24,CUST038,Male,64,Sports,2,50,100
1457,2024-05-17,CUST084,Male,53,Beauty,5,20,100
1458,2024-09-09,CUST032,Male,58,Food,5,20,100
1459,2024-04-05,CUST522,Female,50,Beauty,5,50,250
1460,2024-12-23,CUST394,Female,42,Electronics,3,50,150
1461,2024-07-06,CUST612,Male,34,Sports,2,100,200
1462,2024-01-17,CUST640,Male,56,Sports,4,50,200
1463,2024-05-24,CUST234,Male,24,Sports,5,50,250
1464,2024-03-13,CUST393,Male,53,Sports,1,100,100
1465,2024-04-21,CUST135,Male,34,Electronics,1,50,50
1466,2024-07-29,CUST015,Male,45,Clothing,2,200,400
1467,2024-01-30,CUST001,Male,47,Clothing,2,200,400
1468,2024-08-06,CUST136,Male,24,Sports,5,200,1000
1469,2024-06-05,CUST445,Male,30,Beauty,4,30,120
1470,2024-03-09,CUST287,Female,55,Clothing,4,200,800
1471,2024-07-29,CUST331,Female,49,Sports,2,200,400
1472,2024-05-04,CUST277,Female,63,Electronics,1,30,30
1473,2024-06-13,CUST192,Female,41,Food,2,10,20
1474,2024-10-23,CUST436,Male,59,Sports,4,200,800
1475,2024-09-11,CUST497,Male,33,Food,4,10,40
1476,2024-04-28,CUST459,Male,20,Food,1,10,10
1477,2024-03-25,CUST020,Female,22,Electronics,4,50,200
1478,2024-02-06,CUST417,Female,40,Beauty,1,50,50
1479,2024-12-07,CUST399,Female,49,Food,4,10,40
1480,2024-05-25,CUST095,Male,28,Clothing,2,500,1000
1481,2024-06-02,CUST666,Female,55,Food,4,20,80
1482,2024-01-12,CUST435,Male,60,Beauty,1,20,20
1483,2024-12-27,CUST676,Male,51,Beauty,3,30,90
1484,2024-12-23,CUST198,Female,48,Food,2,30,60
1485,2024-05-02,CUST405,Female,53,Clothing,5,100,500
1486,2024-06-19,CUST564,Female,47,Sports,1,50,50
1487,2024-12-22,CUST795,Male,57,Food,4,20,80
1488,2024-08-06,CUST385,Female,22,Electronics,4,500,2000
1489,2024-03-10,CUST450,Male,52,Sports,3,100,300
1490,2024-03-30,CUST211,Male,20,Beauty,5,50,250
1491,2024-01-12,CUST734,Female,49,Food,5,30,150
1492,2024-08-30,CUST063,Female,27,Electronics,3,30,90
1493,2024-03-05,CUST520,Female,56,Electronics,5,50,250
1494,2024-09-14,CUST147,Male,27,Sports,5,50,250
1495,2024-01-17,CUST139,Male,30,Sports,3,200,600
1496,2024-04-20,CUST409,Female,18,Electronics,1,100,100
1497,2024-09-08,CUST624,Female,30,Clothing,4,100,400
1498,2024-12-06,CUST528,Female,42,Beauty,2,50,100
1499,2024-02-05,CUST684,Male,52,Clothing,4,500,2000
1500,2024-08-03,CUST547,Female,33,Electronics,4,30,120
1501,2024-08-01,CUST089,Male,45,Clothing,1,100,100
1502,2024-04-26,CUST517,Male,43,Beauty,4,30,120
1503,2024-08-20,CUST714,Male,55,Clothing,3,500,1500
1504,2024-10-31,CUST375,Male,53,Sports,2,100,200
1505,2024-09-24,CUST449,Female,43,Food,5,30,150
1506,2024-06-10,CUST061,Male,45,Clothing,2,100,200
1507,2024-11-26,CUST461,Male,48,Clothing,2,500,1000
1508,2024-09-14,CUST771,Female,21,Electronics,1,500,500
1509,2024-08-26,CUST582,Female,48,Electronics,4,100,400
1510,2024-09-28,CUST127,Male,59,Electronics,1,30,30
1511,2024-02-27,CUST124,Female,24,Sports,1,100,100
1512,2024-03-06,CUST109,Male,41,Sports,1,50,50
1513,2024-06-26,CUST013,Female,45,Food,3,30,90
1514,2024-01-08,CUST172,Female,58,Beauty,2,30,60
1515,2024-01-11,CUST333,Female,50,Clothing,3,500,1500
1516,2024-09-08,CUST210,Female,52,Electronics,3,100,300
1517,2024-06-11,CUST322,Male,24,Sports,1,50,50
1518,2024-01-09,CUST483,Male,47,Clothing,4,100,400
1519,2024-09-10,CUST292,Male,35,Electronics,1,500,500
1520,2024-09-27,CUST215,Male,49,Clothing,4,100,400
1521,2024-04-30,CUST054,Male,27,Clothing,1,200,200
1522,2024-07-24,CUST244,Male,53,Clothing,2,200,400
1523,2024-09-26,CUST713,Male,25,Electronics,1,100,100
1524,2024-05-30,CUST587,Female,59,Beauty,4,50,200
1525,2024-06-30,CUST100,Female,19,Electronics,1,50,50
1526,2024-03-29,CUST245,Female,49,Clothing,3,100,300
1527,2024-07-03,CUST561,Female,58,Electronics,5,100,500
1528,2024-02-21,CUST043,Male,23,Beauty,5,30,150
1529,2024-02-06,CUST315,Female,28,Sports,3,50,150
1530,2024-12-08,CUST429,Male,41,Clothing,3,200,600
1531,2024-09-25,CUST799,Female,55,Electronics,4,100,400
1532,2024-09-09,CUST327,Male,64,Electronics,3,50,150
1533,2024-07-10,CUST335,Female,56,Sports,1,100,100
1534,2024-07-13,CUST028,Male,26,Food,5,30,150
1535,2024-01-18,CUST605,Female,41,Sports,5,100,500
1536,2024-09-17,CUST150,Male,21,Clothing,2,200,400
1537,2024-09-17,CUST575,Male,59,Beauty,1,20,20
1538,2024-08-25,CUST725,Female,53,Beauty,1,20,20
1539,2024-10-13,CUST242,Male,41,Clothing,4,100,400
1540,2024-06-14,CUST447,Male,36,Food,2,30,60
1541,2024-06-16,CUST239,Male,57,Food,3,10,30
1542,2024-05-15,CUST292,Female,37,Electronics,1,100,100
1543,2024-09-11,CUST406,Male,22,Beauty,5,20,100
1544,2024-01-16,CUST219,Male,30,Sports,2,200,400
1545,2024-09-20,CUST484,Female,39,Food,1,30,30
1546,2024-07-10,CUST602,Male,18,Sports,5,200,1000
1547,2024-08-29,CUST692,Female,32,Beauty,1,20,20
1548,2024-07-24,CUST542,Female,28,Sports,3,200,600
1549,2024-05-10,CUST326,Female,26,Electronics,2,500,1000
1550,2024-08-31,CUST518,Female,30,Food,5,30,150
1551,2024-10-19,CUST652,Female,56,Food,1,20,20
1552,2024-07-22,CUST616,Male,21,Sports,3,100,300
1553,2024-05-31,CUST747,Female,48,Electronics,5,50,250
1554,2024-10-09,CUST744,Male,52,Food,4,30,120
1555,2024-01-07,CUST452,Male,21,Sports,4,200,800
1556,2024-01-22,CUST772,Male,21,Clothing,1,200,200
1557,2024-08-16,CUST268,Male,49,Food,4,30,120
1558,2024-09-01,CUST210,Female,61,Clothing,2,100,200
1559,2024-05-20,CUST106,Female,34,Sports,5,200,1000
1560,2024-12-10,CUST182,Male,57,Electronics,4,30,120
1561,2024-10-07,CUST284,Male,42,Food,3,30,90
1562,2024-06-28,CUST452,Male,47,Food,1,10,10
1563,2024-04-19,CUST135,Male,37,Electronics,3,500,1500
1564,2024-10-28,CUST525,Male,29,Sports,1,100,100
1565,2024-09-01,CUST246,Male,31,Food,1,30,30
1566,2024-04-16,CUST735,Female,24,Clothing,3,200,600
1567,2024-11-09,CUST347,Male,29,Sports,3,50,150
1568,2024-05-28,CUST125,Male,38,Beauty,2,30,60
1569,2024-08-11,CUST171,Male,20,Beauty,3,50,150
1570,2024-07-07,CUST056,Male,54,Food,4,30,120
1571,2024-10-16,CUST702,Male,37,Electronics,4,100,400
1572,2024-04-03,CUST783,Female,21,Electronics,2,50,100
1573,2024-11-19,CUST551,Female,48,Electronics,5,500,2500
1574,2024-07-04,CUST669,Male,42,Beauty,4,20,80
1575,2024-06-15,CUST566,Male,37,Electronics,1,100,100
1576,2024-04-26,CUST005,Female,49,Beauty,5,30,150
1577,2024-06-21,CUST400,Female,60,Electronics,3,100,300
1578,2024-07-21,CUST118,Female,39,Sports,1,50,50
1579,2024-05-25,CUST337,Male,25,Beauty,1,20,20
1580,2024-06-25,CUST021,Female,27,Food,3,30,90
1581,2024-06-15,CUST409,Female,49,Beauty,4,50,200
1582,2024-11-25,CUST399,Male,36,Food,1,20,20
1583,2024-06-11,CUST042,Female,23,Beauty,1,30,30
1584,2024-02-26,CUST450,Female,20,Electronics,3,50,150
1585,2024-09-19,CUST578,Male,30,Beauty,4,50,200
1586,2024-10-29,CUST077,Male,24,Clothing,1,500,500
1587,2024-09-08,CUST008,Female,52,Sports,5,50,250
1588,2024-02-13,CUST040,Female,40,Clothing,3,500,1500
1589,2024-07-13,CUST613,Female,24,Food,5,10,50
1590,2024-01-15,CUST646,Female,45,Beauty,5,50,250
1591,2024-01-08,CUST293,Male,38,Beauty,5,20,100
1592,2024-07-24,CUST620,Male,51,Electronics,2,50,100
1593,2024-02-12,CUST352,Female,47,Sports,1,100,100
1594,2024-10-05,CUST229,Female,33,Sports,5,50,250
1595,2024-10-03,CUST175,Male,60,Beauty,5,30,150
1596,2024-10-22,CUST554,Female,51,Clothing,1,100,100
1597,2024-07-15,CUST783,Female,24,Clothing,5,200,1000
1598,2024-05-26,CUST070,Male,56,Electronics,3,30,90
1599,2024-01-15,CUST732,Male,30,Beauty,3,50,150
1600,2024-03-18,CUST738,Male,35,Food,2,20,40
1601,2024-04-23,CUST367,Male,40,Food,4,10,40
1602,2024-09-28,CUST449,Male,45,Food,1,10,10
1603,2024-07-22,CUST210,Female,48,Clothing,5,100,500
1604,2024-09-14,CUST309,Female,21,Beauty,2,20,40
1605,2024-05-03,CUST684,Male,35,Food,5,20,100
1606,2024-11-14,CUST794,Male,41,Sports,2,100,200
1607,2024-07-05,CUST157,Male,33,Beauty,4,20,80
1608,2024-10-05,CUST660,Female,47,Beauty,2,30,60
1609,2024-06-23,CUST148,Male,47,Clothing,3,200,600
1610,2024-07-03,CUST749,Female,21,Beauty,3,50,150
1611,2024-09-18,CUST363,Female,48,Sports,4,100,400
1612,2024-04-04,CUST451,Male,52,Clothing,5,500,2500
1613,2024-01-06,CUST143,Male,20,Sports,3,200,600
1614,2024-09-25,CUST395,Female,52,Beauty,4,50,200
1615,2024-09-22,CUST113,Male,29,Beauty,5,50,250
1616,2024-12-03,CUST437,Male,62,Electronics,2,100,200
1617,2024-03-09,CUST395,Male,39,Sports,4,50,200
1618,2024-11-04,CUST580,Male,34,Clothing,3,200,600
1619,2024-09-17,CUST605,Male,19,Electronics,3,500,1500
1620,2024-11-28,CUST525,Female,31,Sports,2,50,100
1621,2024-09-03,CUST693,Male,47,Clothing,4,200,800
1622,2024-10-06,CUST061,Female,27,Clothing,1,500,500
1623,2024-11-19,CUST201,Female,21,Food,1,10,10
1624,2024-10-06,CUST070,Male,44,Food,3,10,30
1625,2024-10-29,CUST461,Male,61,Electronics,4,100,400
1626,2024-12-22,CUST089,Male,41,Electronics,4,50,200
1627,2024-04-23,CUST617,Female,40,Food,2,20,40
1628,2024-01-16,CUST442,Male,26,Food,3,30,90
1629,2024-05-27,CUST188,Female,59,Electronics,4,500,2000
1630,2024-04-02,CUST390,Female,58,Food,4,10,40
1631,2024-02-02,CUST777,Female,23,Clothing,3,500,1500
1632,2024-03-17,CUST282,Female,53,Food,1,20,20
1633,2024-05-01,CUST102,Female,40,Electronics,4,100,400
1634,2024-05-02,CUST309,Female,59,Food,3,10,30
1635,2024-09-06,CUST059,Female,61,Clothing,4,500,2000
1636,2024-01-18,CUST726,Male,35,Beauty,2,20,40
1637,2024-08-24,CUST459,Female,59,Beauty,1,50,50
1638,2024-06-23,CUST635,Male,33,Beauty,3,50,150
1639,2024-04-03,CUST019,Female,37,Clothing,4,100,400
1640,2024-07-31,CUST477,Male,32,Sports,5,50,250
1641,2024-04-12,CUST436,Male,33,Sports,2,200,400
1642,2024-11-13,CUST770,Male,18,Electronics,2,100,200
1643,2024-05-22,CUST800,Female,28,Clothing,2,100,200
1644,2024-02-19,CUST096,Male,52,Electronics,4,100,400
1645,2024-07-06,CUST571,Female,61,Sports,4,50,200
1646,2024-09-18,CUST003,Male,63,Beauty,2,50,100
1647,2024-12-18,CUST329,Female,30,Clothing,4,200,800
1648,2024-01-07,CUST584,Male,64,Clothing,3,200,600
1649,2024-11-13,CUST192,Male,47,Clothing,4,200,800
1650,2024-01-02,CUST559,Female,42,Sports,2,50,100
1651,2024-02-12,CUST700,Male,54,Food,1,30,30
1652,2024-03-18,CUST306,Male,56,Sports,3,200,600
1653,2024-05-31,CUST411,Male,20,Electronics,2,100,200
1654,2024-01-10,CUST642,Male,62,Clothing,2,500,1000
1655,2024-04-05,CUST102,Female,37,Clothing,2,100,200
1656,2024-08-28,CUST163,Male,57,Food,3,20,60
1657,2024-07-28,CUST559,Female,51,Electronics,1,100,100
1658,2024-10-12,CUST211,Female,37,Food,3,20,60
1659,2024-07-30,CUST586,Female,62,Sports,1,200,200
1660,2024-09-29,CUST189,Male,44,Sports,3,50,150
1661,2024-02-16,CUST589,Male,35,Food,1,30,30
1662,2024-08-28,CUST285,Male,43,Beauty,1,20,20
1663,2024-05-12,CUST115,Male,27,Food,1,30,30
1664,2024-11-17,CUST600,Male,54,Food,1,10,10
1665,2024-01-05,CUST372,Male,26,Electronics,4,100,400
1666,2024-01-01,CUST095,Male,37,Sports,1,200,200
1667,2024-09-19,CUST321,Male,46,Food,4,30,120
1668,2024-04-28,CUST202,Female,33,Sports,5,100,500
1669,2024-07-17,CUST152,Female,51,Clothing,5,200,1000
1670,2024-08-20,CUST338,Female,61,Beauty,3,50,150
1671,2024-05-30,CUST680,Male,31,Electronics,5,500,2500
1672,2024-11-08,CUST520,Female,41,Sports,4,50,200
1673,2024-11-26,CUST741,Male,32,Sports,1,100,100
1674,2024-05-10,CUST034,Male,61,Beauty,2,20,40
1675,2024-08-24,CUST275,Female,23,Clothing,4,200,800
1676,2024-03-19,CUST331,Male,33,Food,1,10,10
1677,2024-02-28,CUST459,Male,57,Electronics,4,30,120
1678,2024-09-19,CUST148,Male,23,Beauty,5,30,150
1679,2024-08-08,CUST274,Female,20,Clothing,4,200,800
1680,2024-04-02,CUST294,Female,36,Sports,5,200,1000
1681,2024-11-11,CUST664,Female,21,Clothing,2,200,400
1682,2024-09-12,CUST682,Female,33,Beauty,3,30,90
1683,2024-05-27,CUST153,Female,31,Food,4,30,120
1684,2024-01-04,CUST626,Female,44,Electronics,2,50,100
1685,2024-02-19,CUST228,Male,51,Beauty,1,50,50
1686,2024-05-13,CUST162,Male,37,Sports,2,50,100
1687,2024-06-18,CUST673,Female,61,Beauty,3,20,60
1688,2024-09-30,CUST037,Male,43,Beauty,2,30,60
1689,2024-03-06,CUST089,Female,44,Food,4,10,40
1690,2024-09-28,CUST167,Female,39,Electronics,5,50,250
1691,2024-09-12,CUST444,Male,19,Sports,5,100,500
1692,2024-07-08,CUST739,Female,27,Sports,3,100,300
1693,2024-10-02,CUST552,Male,53,Beauty,4,50,200
1694,2024-05-13,CUST624,Female,43,Beauty,4,30,120
1695,2024-01-27,CUST241,Male,44,Clothing,4,200,800
1696,2024-06-30,CUST272,Male,23,Clothing,3,200,600
1697,2024-04-15,CUST650,Male,52,Sports,4,50,200
1698,2024-10-13,CUST689,Female,26,Beauty,3,30,90
1699,2024-11-09,CUST058,Male,45,Electronics,4,500,2000
1700,2024-07-28,CUST068,Female,34,Electronics,3,50,150
1701,2024-07-03,CUST437,Female,28,Electronics,1,30,30
1702,2024-05-23,CUST262,Male,30,Clothing,3,100,300
1703,2024-03-12,CUST689,Female,24,Beauty,4,30,120
1704,2024-11-30,CUST285,Male,35,Beauty,2,50,100
1705,2024-12-27,CUST142,Male,34,Beauty,2,30,60
1706,2024-01-10,CUST319,Male,32,Sports,5,200,1000
1707,2024-06-25,CUST070,Female,36,Food,2,20,40
1708,2024-01-19,CUST288,Male,62,Beauty,4,20,80
1709,2024-03-12,CUST206,Female,21,Clothing,2,100,200
1710,2024-04-06,CUST626,Female,28,Clothing,4,200,800
1711,2024-07-31,CUST789,Male,41,Electronics,1,500,500
1712,2024-05-26,CUST764,Female,36,Food,4,20,80
1713,2024-03-17,CUST799,Male,18,Food,3,20,60
1714,2024-04-05,CUST079,Male,41,Sports,1,100,100
1715,2024-11-13,CUST156,Female,39,Electronics,3,500,1500
1716,2024-09-19,CUST699,Male,29,Sports,5,200,1000
1717,2024-08-18,CUST778,Male,39,Electronics,3,100,300
1718,2024-12-30,CUST299,Male,22,Food,3,10,30
1719,2024-02-25,CUST431,Male,51,Clothing,2,500,1000
1720,2024-12-02,CUST538,Male,22,Beauty,3,20,60
1721,2024-11-24,CUST247,Male,24,Electronics,1,50,50
1722,2024-07-05,CUST417,Male,48,Sports,1,200,200
1723,2024-12-24,CUST730,Male,29,Food,3,30,90
1724,2024-01-17,CUST079,Male,27,Beauty,5,30,150
1725,2024-01-04,CUST374,Female,56,Sports,3,50,150
1726,2024-04-11,CUST090,Female,18,Electronics,4,30,120
1727,2024-11-03,CUST132,Female,43,Beauty,1,30,30
1728,2024-03-06,CUST225,Female,48,Food,5,10,50
1729,2024-01-23,CUST256,Female,61,Electronics,3,100,300
1730,2024-04-01,CUST407,Male,56,Beauty,2,50,100
1731,2024-11-02,CUST439,Female,31,Clothing,5,500,2500
1732,2024-08-08,CUST140,Female,57,Beauty,1,30,30
1733,2024-09-10,CUST232,Male,37,Food,4,30,120
1734,2024-09-29,CUST360,Female,20,Beauty,1,30,30
1735,2024-02-16,CUST119,Female,20,Sports,2,50,100
1736,2024-02-01,CUST668,Female,32,Food,4,20,80
1737,2024-06-26,CUST163,Male,23,Sports,1,200,200
1738,2024-06-10,CUST362,Male,43,Beauty,4,20,80
1739,2024-02-12,CUST755,Female,35,Food,3,10,30
1740,2024-08-28,CUST123,Female,24,Sports,5,100,500
1741,2024-10-29,CUST360,Female,51,Sports,1,200,200
1742,2024-10-18,CUST773,Male,55,Electronics,4,100,400
1743,2024-09-06,CUST043,Male,19,Electronics,2,50,100
1744,2024-07-29,CUST075,Male,33,Food,2,10,20
1745,2024-04-24,CUST332,Female,43,Clothing,3,200,600
1746,2024-04-11,CUST628,Female,44,Electronics,2,500,1000
1747,2024-09-06,CUST279,Male,21,Sports,4,100,400
1748,2024-04-20,CUST018,Female,63,Clothing,3,100,300
1749,2024-06-30,CUST211,Female,47,Sports,4,50,200
1750,2024-08-18,CUST660,Female,45,Food,3,20,60
1751,2024-01-19,CUST672,Female,21,Beauty,3,30,90
1752,2024-04-19,CUST423,Male,32,Electronics,1,50,50
1753,2024-11-15,CUST600,Male,30,Food,1,20,20
1754,2024-11-14,CUST267,Male,54,Electronics,5,50,250
1755,2024-09-04,CUST493,Female,36,Sports,2,100,200
1756,2024-04-07,CUST799,Female,43,Clothing,3,100,300
1757,2024-01-31,CUST041,Male,40,Sports,4,200,800
1758,2024-05-31,CUST591,Female,19,Electronics,4,50,200
1759,2024-08-13,CUST174,Female,50,Beauty,1,30,30
1760,2024-01-23,CUST214,Female,31,Clothing,3,200,600
1761,2024-08-17,CUST286,Female,57,Food,5,30,150
1762,2024-04-06,CUST653,Male,49,Food,4,20,80
1763,2024-09-05,CUST568,Male,51,Electronics,1,50,50
1764,2024-09-07,CUST179,Male,46,Beauty,5,50,250
1765,2024-03-23,CUST752,Male,55,Electronics,5,100,500
1766,2024-08-18,CUST335,Male,30,Sports,5,200,1000
1767,2024-07-17,CUST108,Male,37,Sports,3,100,300
1768,2024-04-28,CUST544,Male,44,Food,2,30,60
1769,2024-02-21,CUST297,Male,29,Food,3,10,30
1770,2024-08-29,CUST178,Female,32,Sports,4,50,200
1771,2024-06-29,CUST393,Female,58,Sports,2,100,200
1772,2024-07-05,CUST540,Male,22,Beauty,1,50,50
1773,2024-09-17,CUST698,Female,25,Food,3,30,90
1774,2024-09-27,CUST471,Female,43,Electronics,4,50,200
1775,2024-01-23,CUST434,Male,38,Clothing,2,500,1000
1776,2024-07-21,CUST679,Female,25,Clothing,2,100,200
1777,2024-12-27,CUST369,Female,52,Sports,1,50,50
1778,2024-04-21,CUST649,Male,26,Sports,4,100,400
1779,2024-11-02,CUST024,Female,22,Clothing,5,200,1000
1780,2024-08-15,CUST528,Female,55,Clothing,5,500,2500
1781,2024-01-31,CUST410,Female,36,Electronics,4,30,120
1782,2024-06-21,CUST157,Male,54,Clothing,4,500,2000
1783,2024-07-21,CUST739,Female,23,Electronics,3,100,300
1784,2024-06-20,CUST420,Female,55,Beauty,1,50,50
1785,2024-04-15,CUST221,Female,32,Beauty,5,20,100
1786,2024-03-08,CUST609,Male,23,Sports,3,50,150
1787,2024-02-02,CUST663,Female,29,Electronics,3,500,1500
1788,2024-06-30,CUST567,Male,31,Beauty,5,30,150
1789,2024-12-27,CUST194,Male,22,Food,1,10,10
1790,2024-04-04,CUST674,Female,44,Beauty,5,20,100
1791,2024-06-30,CUST400,Male,28,Beauty,3,20,60
1792,2024-03-04,CUST324,Female,55,Food,2,30,60
1793,2024-03-22,CUST493,Male,62,Beauty,1,30,30
1794,2024-02-29,CUST241,Male,24,Clothing,3,100,300
1795,2024-02-05,CUST409,Female,30,Clothing,1,100,100
1796,2024-06-30,CUST225,Male,27,Clothing,5,100,500
1797,2024-10-29,CUST368,Male,36,Sports,5,200,1000
1798,2024-11-24,CUST790,Male,53,Beauty,1,50,50
1799,2024-03-31,CUST034,Female,63,Beauty,5,50,250
1800,2024-09-01,CUST392,Male,31,Clothing,3,100,300
1801,2024-01-30,CUST301,Male,50,Electronics,2,500,1000
1802,2024-11-16,CUST089,Female,18,Electronics,2,100,200
1803,2024-07-04,CUST742,Female,52,Electronics,4,30,120
1804,2024-01-24,CUST083,Male,37,Sports,5,100,500
1805,2024-03-24,CUST436,Male,18,Clothing,5,100,500
1806,2024-08-05,CUST187,Male,21,Clothing,5,200,1000
1807,2024-01-28,CUST435,Male,20,Food,3,10,30
1808,2024-06-27,CUST217,Female,59,Clothing,2,200,400
1809,2024-10-16,CUST314,Male,54,Clothing,4,200,800
1810,2024-05-07,CUST221,Male,44,Electronics,4,50,200
1811,2024-11-22,CUST029,Male,27,Clothing,5,100,500
1812,2024-05-01,CUST580,Female,43,Sports,1,50,50
1813,2024-11-17,CUST461,Male,36,Beauty,5,20,100
1814,2024-09-26,CUST538,Female,34,Food,2,10,20
1815,2024-12-07,CUST523,Female,46,Electronics,3,50,150
1816,2024-05-20,CUST597,Male,39,Beauty,1,20,20
1817,2024-08-10,CUST262,Female,59,Beauty,4,30,120
1818,2024-02-16,CUST791,Female,25,Food,4,20,80
1819,2024-10-15,CUST320,Male,37,Beauty,5,20,100
1820,2024-09-25,CUST634,Male,33,Clothing,5,500,2500
1821,2024-07-12,CUST016,Female,31,Beauty,3,30,90
1822,2024-07-26,CUST793,Male,56,Beauty,5,20,100
1823,2024-10-16,CUST309,Female,36,Electronics,4,500,2000
1824,2024-11-23,CUST293,Male,41,Beauty,4,50,200
1825,2024-12-11,CUST613,Male,32,Electronics,3,100,300
1826,2024-01-14,CUST556,Male,30,Clothing,3,200,600
1827,2024-07-06,CUST405,Male,26,Beauty,1,30,30
1828,2024-04-09,CUST534,Male,22,Electronics,2,100,200
1829,2024-06-06,CUST400,Female,58,Sports,4,50,200
1830,2024-05-23,CUST097,Male,58,Sports,1,200,200
1831,2024-06-10,CUST352,Male,18,Clothing,3,200,600
1832,2024-04-21,CUST262,Male,54,Food,4,30,120
1833,2024-07-31,CUST324,Female,33,Sports,1,100,100
1834,2024-04-04,CUST461,Male,41,Beauty,5,30,150
1835,2024-10-07,CUST256,Male,51,Electronics,4,50,200
1836,2024-12-20,CUST395,Female,63,Sports,4,200,800
1837,2024-09-25,CUST243,Female,53,Food,3,20,60
1838,2024-10-13,CUST741,Male,26,Food,3,30,90
1839,2024-06-17,CUST103,Female,31,Clothing,1,100,100
1840,2024-11-25,CUST431,Male,46,Electronics,3,50,150
1841,2024-10-26,CUST282,Male,59,Electronics,5,100,500
1842,2024-10-02,CUST319,Female,42,Sports,4,100,400
1843,2024-12-30,CUST503,Female,29,Clothing,5,100,500
1844,2024-09-02,CUST632,Female,58,Beauty,2,30,60
1845,2024-10-10,CUST680,Female,21,Clothing,3,500,1500
1846,2024-09-12,CUST699,Female,47,Sports,5,200,1000
1847,2024-02-28,CUST159,Female,37,Electronics,5,50,250
1848,2024-05-11,CUST604,Male,34,Beauty,1,50,50
1849,2024-07-03,CUST156,Male,24,Electronics,2,100,200
1850,2024-01-25,CUST799,Male,34,Clothing,2,200,400
1851,2024-08-02,CUST222,Female,43,Electronics,1,50,50
1852,2024-04-07,CUST089,Female,55,Beauty,3,30,90
1853,2024-07-21,CUST512,Male,59,Sports,3,50,150
1854,2024-12-12,CUST192,Female,55,Electronics,4,100,400
1855,2024-10-13,CUST556,Female,26,Sports,4,50,200
1856,2024-11-10,CUST647,Female,30,Electronics,1,30,30
1857,2024-09-07,CUST208,Female,34,Beauty,4,50,200
1858,2024-03-10,CUST355,Male,38,Food,4,10,40
1859,2024-09-24,CUST512,Female,24,Clothing,1,500,500
1860,2024-06-19,CUST252,Female,54,Food,1,10,10
1861,2024-02-19,CUST718,Male,57,Clothing,2,500,1000
1862,2024-06-22,CUST124,Female,24,Sports,2,50,100
1863,2024-10-21,CUST509,Male,52,Sports,2,100,200
1864,2024-08-07,CUST173,Female,24,Sports,4,200,800
1865,2024-10-06,CUST434,Female,23,Food,5,20,100
1866,2024-02-01,CUST440,Female,62,Beauty,4,20,80
1867,2024-11-12,CUST555,Female,45,Clothing,4,100,400
1868,2024-08-25,CUST543,Male,38,Beauty,2,30,60
1869,2024-07-11,CUST255,Female,34,Electronics,3,30,90
1870,2024-02-02,CUST487,Female,36,Electronics,5,30,150
1871,2024-12-21,CUST265,Female,47,Electronics,1,30,30
1872,2024-07-21,CUST734,Male,60,Food,4,30,120
1873,2024-08-12,CUST073,Male,62,Electronics,3,500,1500
1874,2024-12-22,CUST363,Male,28,Electronics,3,30,90
1875,2024-06-18,CUST473,Male,59,Sports,1,100,100
1876,2024-08-12,CUST240,Male,52,Food,1,20,20
1877,2024-10-20,CUST315,Female,63,Clothing,1,100,100
1878,2024-08-05,CUST527,Male,25,Clothing,3,200,600
1879,2024-08-02,CUST207,Female,40,Sports,3,50,150
1880,2024-04-30,CUST620,Male,60,Food,2,10,20
1881,2024-09-11,CUST043,Female,45,Beauty,5,20,100
1882,2024-08-06,CUST027,Female,22,Clothing,5,500,2500
1883,2024-07-27,CUST474,Female,22,Sports,5,200,1000
1884,2024-06-20,CUST151,Female,24,Beauty,3,20,60
1885,2024-10-01,CUST592,Female,57,Electronics,4,50,200
1886,2024-07-15,CUST210,Male,46,Food,4,10,40
1887,2024-06-03,CUST295,Male,26,Electronics,4,50,200
1888,2024-03-07,CUST237,Female,57,Beauty,3,50,150
1889,2024-09-16,CUST072,Female,22,Electronics,1,50,50
1890,2024-12-06,CUST495,Female,59,Beauty,5,50,250
1891,2024-08-22,CUST050,Male,37,Beauty,2,50,100
1892,2024-02-19,CUST060,Female,20,Clothing,5,500,2500
1893,2024-03-09,CUST384,Male,21,Food,2,10,20
1894,2024-11-06,CUST288,Female,46,Food,5,10,50
1895,2024-07-13,CUST252,Male,28,Clothing,3,100,300
1896,2024-07-28,CUST494,Female,35,Beauty,3,20,60
1897,2024-11-18,CUST265,Male,19,Beauty,2,30,60
1898,2024-06-05,CUST795,Male,51,Beauty,4,50,200
1899,2024-12-11,CUST041,Female,62,Beauty,4,30,120
1900,2024-12-04,CUST731,Male,45,Clothing,3,100,300
1901,2024-08-25,CUST784,Male,45,Electronics,2,30,60
1902,2024-12-03,CUST217,Male,42,Food,4,30,120
1903,2024-02-09,CUST233,Male,34,Food,1,30,30
1904,2024-05-31,CUST217,Male,64,Sports,1,50,50
1905,2024-07-08,CUST615,Female,56,Beauty,2,20,40
1906,2024-08-26,CUST691,Female,43,Electronics,4,30,120
1907,2024-01-27,CUST025,Male,32,Beauty,1,30,30
1908,2024-12-11,CUST435,Female,46,Sports,5,100,500
1909,2024-09-14,CUST007,Male,51,Sports,4,200,800
1910,2024-02-22,CUST128,Male,63,Beauty,5,30,150
1911,2024-12-20,CUST022,Female,33,Beauty,5,30,150
1912,2024-07-19,CUST189,Male,25,Food,1,10,10
1913,2024-01-22,CUST639,Male,24,Sports,5,200,1000
1914,2024-01-30,CUST492,Male,26,Clothing,2,500,1000
1915,2024-08-03,CUST242,Male,18,Food,5,20,100
1916,2024-10-30,CUST083,Male,49,Food,3,30,90
1917,2024-10-03,CUST445,Male,47,Beauty,1,30,30
1918,2024-01-04,CUST786,Female,62,Beauty,5,30,150
1919,2024-07-26,CUST579,Female,56,Clothing,5,500,2500
1920,2024-05-28,CUST513,Male,61,Beauty,5,50,250
1921,2024-09-28,CUST431,Male,26,Beauty,4,30,120
1922,2024-06-09,CUST432,Male,59,Beauty,3,30,90
1923,2024-09-25,CUST707,Female,54,Clothing,4,100,400
1924,2024-02-03,CUST374,Male,53,Electronics,1,500,500
1925,2024-01-07,CUST697,Male,43,Beauty,3,30,90
1926,2024-07-27,CUST026,Female,29,Clothing,3,500,1500
1927,2024-01-09,CUST085,Female,18,Sports,2,200,400
1928,2024-11-28,CUST288,Male,60,Beauty,5,30,150
1929,2024-07-29,CUST574,Male,52,Clothing,2,200,400
1930,2024-05-20,CUST029,Male,28,Beauty,2,50,100
1931,2024-10-28,CUST150,Female,51,Clothing,2,100,200
1932,2024-12-16,CUST046,Female,52,Clothing,1,500,500
1933,2024-09-09,CUST078,Female,35,Food,2,10,20
1934,2024-04-16,CUST709,Male,27,Beauty,2,30,60
1935,2024-06-23,CUST308,Male,26,Food,1,30,30
1936,2024-05-27,CUST219,Male,38,Clothing,2,200,400
1937,2024-08-28,CUST688,Male,53,Food,2,30,60
1938,2024-10-13,CUST192,Male,31,Electronics,1,500,500
1939,2024-10-01,CUST008,Female,42,Sports,4,200,800
1940,2024-05-03,CUST259,Male,47,Beauty,4,30,120
1941,2024-12-26,CUST485,Female,19,Clothing,2,500,1000
1942,2024-01-31,CUST491,Female,44,Electronics,3,30,90
1943,2024-11-17,CUST489,Male,40,Sports,5,100,500
1944,2024-01-20,CUST371,Male,35,Clothing,4,200,800
1945,2024-12-28,CUST493,Male,34,Beauty,3,30,90
1946,2024-06-11,CUST123,Female,49,Sports,4,50,200
1947,2024-02-11,CUST728,Male,18,Beauty,2,30,60
1948,2024-02-13,CUST138,Male,24,Food,3,30,90
1949,2024-09-01,CUST720,Male,41,Sports,3,200,600
1950,2024-01-10,CUST417,Male,50,Clothing,3,100,300
1951,2024-07-21,CUST304,Female,19,Clothing,2,200,400
1952,2024-08-13,CUST408,Female,48,Food,5,10,50
1953,2024-08-25,CUST577,Male,43,Clothing,1,200,200
1954,2024-01-29,CUST202,Female,24,Sports,3,200,600
1955,2024-08-07,CUST636,Female,63,Clothing,4,500,2000
1956,2024-12-25,CUST415,Female,43,Clothing,4,500,2000
1957,2024-03-23,CUST624,Male,46,Sports,2,200,400
1958,2024-07-08,CUST242,Female,56,Food,2,20,40
1959,2024-06-27,CUST480,Female,56,Clothing,5,500,2500
1960,2024-07-05,CUST713,Male,35,Sports,1,50,50
1961,2024-09-11,CUST606,Female,36,Electronics,4,50,200
1962,2024-12-08,CUST768,Female,25,Beauty,2,50,100
1963,2024-01-02,CUST123,Female,44,Beauty,4,20,80
1964,2024-06-03,CUST335,Male,60,Electronics,5,500,2500
1965,2024-04-19,CUST641,Male,31,Electronics,2,50,100
1966,2024-06-14,CUST096,Male,27,Sports,3,50,150
1967,2024-02-14,CUST536,Male,62,Food,2,10,20
1968,2024-04-22,CUST320,Female,56,Food,4,30,120
1969,2024-12-08,CUST564,Female,26,Sports,3,200,600
1970,2024-01-29,CUST574,Male,47,Clothing,1,100,100
1971,2024-06-03,CUST371,Female,62,Food,2,10,20
1972,2024-08-30,CUST525,Female,34,Food,5,20,100
1973,2024-02-15,CUST276,Female,30,Electronics,1,100,100
1974,2024-07-12,CUST709,Female,30,Electronics,3,100,300
1975,2024-02-13,CUST297,Male,60,Food,4,10,40
1976,2024-03-09,CUST620,Male,36,Clothing,1,200,200
1977,2024-03-25,CUST717,Male,59,Food,5,10,50
1978,2024-12-12,CUST664,Female,58,Clothing,3,200,600
1979,2024-07-08,CUST268,Female,55,Food,2,30,60
1980,2024-08-14,CUST591,Male,35,Sports,1,100,100
1981,2024-01-13,CUST178,Female,18,Electronics,4,30,120
1982,2024-11-27,CUST736,Male,43,Sports,2,50,100
1983,2024-07-04,CUST538,Female,59,Food,2,30,60
1984,2024-12-08,CUST679,Female,39,Food,1,20,20
1985,2024-04-07,CUST606,Female,46,Electronics,4,100,400
1986,2024-09-14,CUST391,Female,27,Beauty,2,50,100
1987,2024-12-10,CUST639,Female,22,Beauty,1,30,30
1988,2024-06-18,CUST490,Female,28,Clothing,4,500,2000
1989,2024-03-29,CUST205,Male,31,Clothing,1,200,200
1990,2024-07-20,CUST460,Female,44,Sports,5,100,500
1991,2024-03-24,CUST720,Male,48,Beauty,5,50,250
1992,2024-09-02,CUST621,Male,38,Electronics,5,50,250
1993,2024-12-28,CUST643,Female,23,Beauty,1,50,50
1994,2024-11-30,CUST130,Female,20,Food,2,20,40
1995,2024-03-04,CUST723,Male,37,Electronics,2,500,1000
1996,2024-09-14,CUST100,Male,47,Electronics,3,500,1500
1997,2024-06-18,CUST205,Female,32,Sports,1,100,100
1998,2024-01-01,CUST003,Female,18,Electronics,3,100,300
1999,2024-12-20,CUST648,Female,53,Clothing,1,200,200
2000,2024-03-12,CUST493,Female,51,Beauty,5,30,150
